Location,Account,Campaign,Platform
"92374, California, United States",CGDR,Nationwide (CA),GOOGLE
"95131, California, United States",CGDR,Nationwide (CA),GOOGLE
"95834, California, United States",CGDR,Nationwide (CA),GOOGLE
"92270, California, United States",CGDR,Nationwide (CA),GOOGLE
"93611, California, United States",CGDR,Nationwide (CA),GOOGLE
"91006, California, United States",CGDR,Nationwide (CA),GOOGLE
"92037, California, United States",CGDR,Nationwide (CA),GOOGLE
"91913, California, United States",CGDR,Nationwide (CA),GOOGLE
"94602, California, United States",CGDR,Nationwide (CA),GOOGLE
"92807, California, United States",CGDR,Nationwide (CA),GOOGLE
"92101, California, United States",CGDR,Nationwide (CA),GOOGLE
"95138, California, United States",CGDR,Nationwide (CA),GOOGLE
"91755, California, United States",CGDR,Nationwide (CA),GOOGLE
"92336, California, United States",CGDR,Nationwide (CA),GOOGLE
"92324, California, United States",CGDR,Nationwide (CA),GOOGLE
"92020, California, United States",CGDR,Nationwide (CA),GOOGLE
"94574, California, United States",CGDR,Nationwide (CA),GOOGLE
"91311, California, United States",CGDR,Nationwide (CA),GOOGLE
"92064, California, United States",CGDR,Nationwide (CA),GOOGLE
"92688, California, United States",CGDR,Nationwide (CA),GOOGLE
"93035, California, United States",CGDR,Nationwide (CA),GOOGLE
"90275, California, United States",CGDR,Nationwide (CA),GOOGLE
"91105, California, United States",CGDR,Nationwide (CA),GOOGLE
"95336, California, United States",CGDR,Nationwide (CA),GOOGLE
"91351, California, United States",CGDR,Nationwide (CA),GOOGLE
"92802, California, United States",CGDR,Nationwide (CA),GOOGLE
"90007, California, United States",CGDR,Nationwide (CA),GOOGLE
"92201, California, United States",CGDR,Nationwide (CA),GOOGLE
"91307, California, United States",CGDR,Nationwide (CA),GOOGLE
"93710, California, United States",CGDR,Nationwide (CA),GOOGLE
"91354, California, United States",CGDR,Nationwide (CA),GOOGLE
"93401, California, United States",CGDR,Nationwide (CA),GOOGLE
"91301, California, United States",CGDR,Nationwide (CA),GOOGLE
"91702, California, United States",CGDR,Nationwide (CA),GOOGLE
"95648, California, United States",CGDR,Nationwide (CA),GOOGLE
"94028, California, United States",CGDR,Nationwide (CA),GOOGLE
"95630, California, United States",CGDR,Nationwide (CA),GOOGLE
"92210, California, United States",CGDR,Nationwide (CA),GOOGLE
"93065, California, United States",CGDR,Nationwide (CA),GOOGLE
"91732, California, United States",CGDR,Nationwide (CA),GOOGLE
"94085, California, United States",CGDR,Nationwide (CA),GOOGLE
"91326, California, United States",CGDR,Nationwide (CA),GOOGLE
"92118, California, United States",CGDR,Nationwide (CA),GOOGLE
"94403, California, United States",CGDR,Nationwide (CA),GOOGLE
"91741, California, United States",CGDR,Nationwide (CA),GOOGLE
"92119, California, United States",CGDR,Nationwide (CA),GOOGLE
"90723, California, United States",CGDR,Nationwide (CA),GOOGLE
"90803, California, United States",CGDR,Nationwide (CA),GOOGLE
"95206, California, United States",CGDR,Nationwide (CA),GOOGLE
"95825, California, United States",CGDR,Nationwide (CA),GOOGLE
"91745, California, United States",CGDR,Nationwide (CA),GOOGLE
"93552, California, United States",CGDR,Nationwide (CA),GOOGLE
"94080, California, United States",CGDR,Nationwide (CA),GOOGLE
"90036, California, United States",CGDR,Nationwide (CA),GOOGLE
"90004, California, United States",CGDR,Nationwide (CA),GOOGLE
"94607, California, United States",CGDR,Nationwide (CA),GOOGLE
"93923, California, United States",CGDR,Nationwide (CA),GOOGLE
"91345, California, United States",CGDR,Nationwide (CA),GOOGLE
"94015, California, United States",CGDR,Nationwide (CA),GOOGLE
"92562, California, United States",CGDR,Nationwide (CA),GOOGLE
"90026, California, United States",CGDR,Nationwide (CA),GOOGLE
"93103, California, United States",CGDR,Nationwide (CA),GOOGLE
"91706, California, United States",CGDR,Nationwide (CA),GOOGLE
"90003, California, United States",CGDR,Nationwide (CA),GOOGLE
"94549, California, United States",CGDR,Nationwide (CA),GOOGLE
"94538, California, United States",CGDR,Nationwide (CA),GOOGLE
"91606, California, United States",CGDR,Nationwide (CA),GOOGLE
"95603, California, United States",CGDR,Nationwide (CA),GOOGLE
"92679, California, United States",CGDR,Nationwide (CA),GOOGLE
"94539, California, United States",CGDR,Nationwide (CA),GOOGLE
"91932, California, United States",CGDR,Nationwide (CA),GOOGLE
"95828, California, United States",CGDR,Nationwide (CA),GOOGLE
"94513, California, United States",CGDR,Nationwide (CA),GOOGLE
"94563, California, United States",CGDR,Nationwide (CA),GOOGLE
"94707, California, United States",CGDR,Nationwide (CA),GOOGLE
"92311, California, United States",CGDR,Nationwide (CA),GOOGLE
"90247, California, United States",CGDR,Nationwide (CA),GOOGLE
"91730, California, United States",CGDR,Nationwide (CA),GOOGLE
"91352, California, United States",CGDR,Nationwide (CA),GOOGLE
"90712, California, United States",CGDR,Nationwide (CA),GOOGLE
"92596, California, United States",CGDR,Nationwide (CA),GOOGLE
"92603, California, United States",CGDR,Nationwide (CA),GOOGLE
"90255, California, United States",CGDR,Nationwide (CA),GOOGLE
"90021, California, United States",CGDR,Nationwide (CA),GOOGLE
"90016, California, United States",CGDR,Nationwide (CA),GOOGLE
"95076, California, United States",CGDR,Nationwide (CA),GOOGLE
"94531, California, United States",CGDR,Nationwide (CA),GOOGLE
"90630, California, United States",CGDR,Nationwide (CA),GOOGLE
"92869, California, United States",CGDR,Nationwide (CA),GOOGLE
"93908, California, United States",CGDR,Nationwide (CA),GOOGLE
"92704, California, United States",CGDR,Nationwide (CA),GOOGLE
"91506, California, United States",CGDR,Nationwide (CA),GOOGLE
"95133, California, United States",CGDR,Nationwide (CA),GOOGLE
"91709, California, United States",CGDR,Nationwide (CA),GOOGLE
"91773, California, United States",CGDR,Nationwide (CA),GOOGLE
"94588, California, United States",CGDR,Nationwide (CA),GOOGLE
"92503, California, United States",CGDR,Nationwide (CA),GOOGLE
"92672, California, United States",CGDR,Nationwide (CA),GOOGLE
"90720, California, United States",CGDR,Nationwide (CA),GOOGLE
"92220, California, United States",CGDR,Nationwide (CA),GOOGLE
"92130, California, United States",CGDR,Nationwide (CA),GOOGLE
"92262, California, United States",CGDR,Nationwide (CA),GOOGLE
"92887, California, United States",CGDR,Nationwide (CA),GOOGLE
"92673, California, United States",CGDR,Nationwide (CA),GOOGLE
"92121, California, United States",CGDR,Nationwide (CA),GOOGLE
"95602, California, United States",CGDR,Nationwide (CA),GOOGLE
"92211, California, United States",CGDR,Nationwide (CA),GOOGLE
"91362, California, United States",CGDR,Nationwide (CA),GOOGLE
"92056, California, United States",CGDR,Nationwide (CA),GOOGLE
"93256, California, United States",CGDR,Nationwide (CA),GOOGLE
"93445, California, United States",CGDR,Nationwide (CA),GOOGLE
"94027, California, United States",CGDR,Nationwide (CA),GOOGLE
"93460, California, United States",CGDR,Nationwide (CA),GOOGLE
"95361, California, United States",CGDR,Nationwide (CA),GOOGLE
"94021, California, United States",CGDR,Nationwide (CA),GOOGLE
"95829, California, United States",CGDR,Nationwide (CA),GOOGLE
"92399, California, United States",CGDR,Nationwide (CA),GOOGLE
"92801, California, United States",CGDR,Nationwide (CA),GOOGLE
"91306, California, United States",CGDR,Nationwide (CA),GOOGLE
"94960, California, United States",CGDR,Nationwide (CA),GOOGLE
"94530, California, United States",CGDR,Nationwide (CA),GOOGLE
"94043, California, United States",CGDR,Nationwide (CA),GOOGLE
"93720, California, United States",CGDR,Nationwide (CA),GOOGLE
"94005, California, United States",CGDR,Nationwide (CA),GOOGLE
"93950, California, United States",CGDR,Nationwide (CA),GOOGLE
"95017, California, United States",CGDR,Nationwide (CA),GOOGLE
"95826, California, United States",CGDR,Nationwide (CA),GOOGLE
"94568, California, United States",CGDR,Nationwide (CA),GOOGLE
"91723, California, United States",CGDR,Nationwide (CA),GOOGLE
"90002, California, United States",CGDR,Nationwide (CA),GOOGLE
"90601, California, United States",CGDR,Nationwide (CA),GOOGLE
"95205, California, United States",CGDR,Nationwide (CA),GOOGLE
"95682, California, United States",CGDR,Nationwide (CA),GOOGLE
"91423, California, United States",CGDR,Nationwide (CA),GOOGLE
"92651, California, United States",CGDR,Nationwide (CA),GOOGLE
"91316, California, United States",CGDR,Nationwide (CA),GOOGLE
"92264, California, United States",CGDR,Nationwide (CA),GOOGLE
"92104, California, United States",CGDR,Nationwide (CA),GOOGLE
"92626, California, United States",CGDR,Nationwide (CA),GOOGLE
"90602, California, United States",CGDR,Nationwide (CA),GOOGLE
"94582, California, United States",CGDR,Nationwide (CA),GOOGLE
"94551, California, United States",CGDR,Nationwide (CA),GOOGLE
"94577, California, United States",CGDR,Nationwide (CA),GOOGLE
"94024, California, United States",CGDR,Nationwide (CA),GOOGLE
"92253, California, United States",CGDR,Nationwide (CA),GOOGLE
"90065, California, United States",CGDR,Nationwide (CA),GOOGLE
"95066, California, United States",CGDR,Nationwide (CA),GOOGLE
"95123, California, United States",CGDR,Nationwide (CA),GOOGLE
"92111, California, United States",CGDR,Nationwide (CA),GOOGLE
"90405, California, United States",CGDR,Nationwide (CA),GOOGLE
"92344, California, United States",CGDR,Nationwide (CA),GOOGLE
"93637, California, United States",CGDR,Nationwide (CA),GOOGLE
"90020, California, United States",CGDR,Nationwide (CA),GOOGLE
"90254, California, United States",CGDR,Nationwide (CA),GOOGLE
"91792, California, United States",CGDR,Nationwide (CA),GOOGLE
"92683, California, United States",CGDR,Nationwide (CA),GOOGLE
"95661, California, United States",CGDR,Nationwide (CA),GOOGLE
"91406, California, United States",CGDR,Nationwide (CA),GOOGLE
"95746, California, United States",CGDR,Nationwide (CA),GOOGLE
"94565, California, United States",CGDR,Nationwide (CA),GOOGLE
"95776, California, United States",CGDR,Nationwide (CA),GOOGLE
"93108, California, United States",CGDR,Nationwide (CA),GOOGLE
"93725, California, United States",CGDR,Nationwide (CA),GOOGLE
"92345, California, United States",CGDR,Nationwide (CA),GOOGLE
"92808, California, United States",CGDR,Nationwide (CA),GOOGLE
"93722, California, United States",CGDR,Nationwide (CA),GOOGLE
"93277, California, United States",CGDR,Nationwide (CA),GOOGLE
"90066, California, United States",CGDR,Nationwide (CA),GOOGLE
"91364, California, United States",CGDR,Nationwide (CA),GOOGLE
"90025, California, United States",CGDR,Nationwide (CA),GOOGLE
"94587, California, United States",CGDR,Nationwide (CA),GOOGLE
"92154, California, United States",CGDR,Nationwide (CA),GOOGLE
"90023, California, United States",CGDR,Nationwide (CA),GOOGLE
"91770, California, United States",CGDR,Nationwide (CA),GOOGLE
"91387, California, United States",CGDR,Nationwide (CA),GOOGLE
"95020, California, United States",CGDR,Nationwide (CA),GOOGLE
"92545, California, United States",CGDR,Nationwide (CA),GOOGLE
"90045, California, United States",CGDR,Nationwide (CA),GOOGLE
"94022, California, United States",CGDR,Nationwide (CA),GOOGLE
"92630, California, United States",CGDR,Nationwide (CA),GOOGLE
"93618, California, United States",CGDR,Nationwide (CA),GOOGLE
"91007, California, United States",CGDR,Nationwide (CA),GOOGLE
"95030, California, United States",CGDR,Nationwide (CA),GOOGLE
"94536, California, United States",CGDR,Nationwide (CA),GOOGLE
"90620, California, United States",CGDR,Nationwide (CA),GOOGLE
"92832, California, United States",CGDR,Nationwide (CA),GOOGLE
"92241, California, United States",CGDR,Nationwide (CA),GOOGLE
"95621, California, United States",CGDR,Nationwide (CA),GOOGLE
"92570, California, United States",CGDR,Nationwide (CA),GOOGLE
"95209, California, United States",CGDR,Nationwide (CA),GOOGLE
"93230, California, United States",CGDR,Nationwide (CA),GOOGLE
"90019, California, United States",CGDR,Nationwide (CA),GOOGLE
"91950, California, United States",CGDR,Nationwide (CA),GOOGLE
"90012, California, United States",CGDR,Nationwide (CA),GOOGLE
"95023, California, United States",CGDR,Nationwide (CA),GOOGLE
"94941, California, United States",CGDR,Nationwide (CA),GOOGLE
"92127, California, United States",CGDR,Nationwide (CA),GOOGLE
"95624, California, United States",CGDR,Nationwide (CA),GOOGLE
"95678, California, United States",CGDR,Nationwide (CA),GOOGLE
"95062, California, United States",CGDR,Nationwide (CA),GOOGLE
"90049, California, United States",CGDR,Nationwide (CA),GOOGLE
"93274, California, United States",CGDR,Nationwide (CA),GOOGLE
"90403, California, United States",CGDR,Nationwide (CA),GOOGLE
"90043, California, United States",CGDR,Nationwide (CA),GOOGLE
"94706, California, United States",CGDR,Nationwide (CA),GOOGLE
"90015, California, United States",CGDR,Nationwide (CA),GOOGLE
"90504, California, United States",CGDR,Nationwide (CA),GOOGLE
"94901, California, United States",CGDR,Nationwide (CA),GOOGLE
"93933, California, United States",CGDR,Nationwide (CA),GOOGLE
"91789, California, United States",CGDR,Nationwide (CA),GOOGLE
"91320, California, United States",CGDR,Nationwide (CA),GOOGLE
"92392, California, United States",CGDR,Nationwide (CA),GOOGLE
"92604, California, United States",CGDR,Nationwide (CA),GOOGLE
"95765, California, United States",CGDR,Nationwide (CA),GOOGLE
"95823, California, United States",CGDR,Nationwide (CA),GOOGLE
"95683, California, United States",CGDR,Nationwide (CA),GOOGLE
"92612, California, United States",CGDR,Nationwide (CA),GOOGLE
"95204, California, United States",CGDR,Nationwide (CA),GOOGLE
"91204, California, United States",CGDR,Nationwide (CA),GOOGLE
"95051, California, United States",CGDR,Nationwide (CA),GOOGLE
"94566, California, United States",CGDR,Nationwide (CA),GOOGLE
"94973, California, United States",CGDR,Nationwide (CA),GOOGLE
"92371, California, United States",CGDR,Nationwide (CA),GOOGLE
"93433, California, United States",CGDR,Nationwide (CA),GOOGLE
"92677, California, United States",CGDR,Nationwide (CA),GOOGLE
"92675, California, United States",CGDR,Nationwide (CA),GOOGLE
"92804, California, United States",CGDR,Nationwide (CA),GOOGLE
"92139, California, United States",CGDR,Nationwide (CA),GOOGLE
"92024, California, United States",CGDR,Nationwide (CA),GOOGLE
"92692, California, United States",CGDR,Nationwide (CA),GOOGLE
"95838, California, United States",CGDR,Nationwide (CA),GOOGLE
"94526, California, United States",CGDR,Nationwide (CA),GOOGLE
"91765, California, United States",CGDR,Nationwide (CA),GOOGLE
"92646, California, United States",CGDR,Nationwide (CA),GOOGLE
"91942, California, United States",CGDR,Nationwide (CA),GOOGLE
"91910, California, United States",CGDR,Nationwide (CA),GOOGLE
"91402, California, United States",CGDR,Nationwide (CA),GOOGLE
"95148, California, United States",CGDR,Nationwide (CA),GOOGLE
"95366, California, United States",CGDR,Nationwide (CA),GOOGLE
"94605, California, United States",CGDR,Nationwide (CA),GOOGLE
"92592, California, United States",CGDR,Nationwide (CA),GOOGLE
"92694, California, United States",CGDR,Nationwide (CA),GOOGLE
"94086, California, United States",CGDR,Nationwide (CA),GOOGLE
"92701, California, United States",CGDR,Nationwide (CA),GOOGLE
"91331, California, United States",CGDR,Nationwide (CA),GOOGLE
"95688, California, United States",CGDR,Nationwide (CA),GOOGLE
"92069, California, United States",CGDR,Nationwide (CA),GOOGLE
"90046, California, United States",CGDR,Nationwide (CA),GOOGLE
"94598, California, United States",CGDR,Nationwide (CA),GOOGLE
"91754, California, United States",CGDR,Nationwide (CA),GOOGLE
"91214, California, United States",CGDR,Nationwide (CA),GOOGLE
"91915, California, United States",CGDR,Nationwide (CA),GOOGLE
"95762, California, United States",CGDR,Nationwide (CA),GOOGLE
"95391, California, United States",CGDR,Nationwide (CA),GOOGLE
"92508, California, United States",CGDR,Nationwide (CA),GOOGLE
"95628, California, United States",CGDR,Nationwide (CA),GOOGLE
"91764, California, United States",CGDR,Nationwide (CA),GOOGLE
"93444, California, United States",CGDR,Nationwide (CA),GOOGLE
"90024, California, United States",CGDR,Nationwide (CA),GOOGLE
"91405, California, United States",CGDR,Nationwide (CA),GOOGLE
"92563, California, United States",CGDR,Nationwide (CA),GOOGLE
"91344, California, United States",CGDR,Nationwide (CA),GOOGLE
"90670, California, United States",CGDR,Nationwide (CA),GOOGLE
"90230, California, United States",CGDR,Nationwide (CA),GOOGLE
"92833, California, United States",CGDR,Nationwide (CA),GOOGLE
"92557, California, United States",CGDR,Nationwide (CA),GOOGLE
"92551, California, United States",CGDR,Nationwide (CA),GOOGLE
"92882, California, United States",CGDR,Nationwide (CA),GOOGLE
"93703, California, United States",CGDR,Nationwide (CA),GOOGLE
"90274, California, United States",CGDR,Nationwide (CA),GOOGLE
"92124, California, United States",CGDR,Nationwide (CA),GOOGLE
"90731, California, United States",CGDR,Nationwide (CA),GOOGLE
"93619, California, United States",CGDR,Nationwide (CA),GOOGLE
"93420, California, United States",CGDR,Nationwide (CA),GOOGLE
"92606, California, United States",CGDR,Nationwide (CA),GOOGLE
"93004, California, United States",CGDR,Nationwide (CA),GOOGLE
"95610, California, United States",CGDR,Nationwide (CA),GOOGLE
"90241, California, United States",CGDR,Nationwide (CA),GOOGLE
"95977, California, United States",CGDR,Nationwide (CA),GOOGLE
"92780, California, United States",CGDR,Nationwide (CA),GOOGLE
"95112, California, United States",CGDR,Nationwide (CA),GOOGLE
"93940, California, United States",CGDR,Nationwide (CA),GOOGLE
"94946, California, United States",CGDR,Nationwide (CA),GOOGLE
"92408, California, United States",CGDR,Nationwide (CA),GOOGLE
"92260, California, United States",CGDR,Nationwide (CA),GOOGLE
"90033, California, United States",CGDR,Nationwide (CA),GOOGLE
"91403, California, United States",CGDR,Nationwide (CA),GOOGLE
"91701, California, United States",CGDR,Nationwide (CA),GOOGLE
"92354, California, United States",CGDR,Nationwide (CA),GOOGLE
"93010, California, United States",CGDR,Nationwide (CA),GOOGLE
"95655, California, United States",CGDR,Nationwide (CA),GOOGLE
"90623, California, United States",CGDR,Nationwide (CA),GOOGLE
"90660, California, United States",CGDR,Nationwide (CA),GOOGLE
"92252, California, United States",CGDR,Nationwide (CA),GOOGLE
"92708, California, United States",CGDR,Nationwide (CA),GOOGLE
"92014, California, United States",CGDR,Nationwide (CA),GOOGLE
"94062, California, United States",CGDR,Nationwide (CA),GOOGLE
"92507, California, United States",CGDR,Nationwide (CA),GOOGLE
"94066, California, United States",CGDR,Nationwide (CA),GOOGLE
"95127, California, United States",CGDR,Nationwide (CA),GOOGLE
"94533, California, United States",CGDR,Nationwide (CA),GOOGLE
"90040, California, United States",CGDR,Nationwide (CA),GOOGLE
"93021, California, United States",CGDR,Nationwide (CA),GOOGLE
"90732, California, United States",CGDR,Nationwide (CA),GOOGLE
"92886, California, United States",CGDR,Nationwide (CA),GOOGLE
"91367, California, United States",CGDR,Nationwide (CA),GOOGLE
"95949, California, United States",CGDR,Nationwide (CA),GOOGLE
"92301, California, United States",CGDR,Nationwide (CA),GOOGLE
"95632, California, United States",CGDR,Nationwide (CA),GOOGLE
"93012, California, United States",CGDR,Nationwide (CA),GOOGLE
"94804, California, United States",CGDR,Nationwide (CA),GOOGLE
"91604, California, United States",CGDR,Nationwide (CA),GOOGLE
"92870, California, United States",CGDR,Nationwide (CA),GOOGLE
"95037, California, United States",CGDR,Nationwide (CA),GOOGLE
"93955, California, United States",CGDR,Nationwide (CA),GOOGLE
"95207, California, United States",CGDR,Nationwide (CA),GOOGLE
"95747, California, United States",CGDR,Nationwide (CA),GOOGLE
"90250, California, United States",CGDR,Nationwide (CA),GOOGLE
"93446, California, United States",CGDR,Nationwide (CA),GOOGLE
"95757, California, United States",CGDR,Nationwide (CA),GOOGLE
"94521, California, United States",CGDR,Nationwide (CA),GOOGLE
"95003, California, United States",CGDR,Nationwide (CA),GOOGLE
"92805, California, United States",CGDR,Nationwide (CA),GOOGLE
"92075, California, United States",CGDR,Nationwide (CA),GOOGLE
"91206, California, United States",CGDR,Nationwide (CA),GOOGLE
"93510, California, United States",CGDR,Nationwide (CA),GOOGLE
"95695, California, United States",CGDR,Nationwide (CA),GOOGLE
"94118, California, United States",CGDR,Nationwide (CA),GOOGLE
"90056, California, United States",CGDR,Nationwide (CA),GOOGLE
"95328, California, United States",CGDR,Nationwide (CA),GOOGLE
"90037, California, United States",CGDR,Nationwide (CA),GOOGLE
"95698, California, United States",CGDR,Nationwide (CA),GOOGLE
"91335, California, United States",CGDR,Nationwide (CA),GOOGLE
"94561, California, United States",CGDR,Nationwide (CA),GOOGLE
"92082, California, United States",CGDR,Nationwide (CA),GOOGLE
"94108, California, United States",CGDR,Nationwide (CA),GOOGLE
"91766, California, United States",CGDR,Nationwide (CA),GOOGLE
"94586, California, United States",CGDR,Nationwide (CA),GOOGLE
"92404, California, United States",CGDR,Nationwide (CA),GOOGLE
"90058, California, United States",CGDR,Nationwide (CA),GOOGLE
"95814, California, United States",CGDR,Nationwide (CA),GOOGLE
"91340, California, United States",CGDR,Nationwide (CA),GOOGLE
"94514, California, United States",CGDR,Nationwide (CA),GOOGLE
"91739, California, United States",CGDR,Nationwide (CA),GOOGLE
"92173, California, United States",CGDR,Nationwide (CA),GOOGLE
"92276, California, United States",CGDR,Nationwide (CA),GOOGLE
"90059, California, United States",CGDR,Nationwide (CA),GOOGLE
"92108, California, United States",CGDR,Nationwide (CA),GOOGLE
"90266, California, United States",CGDR,Nationwide (CA),GOOGLE
"94523, California, United States",CGDR,Nationwide (CA),GOOGLE
"94542, California, United States",CGDR,Nationwide (CA),GOOGLE
"95014, California, United States",CGDR,Nationwide (CA),GOOGLE
"91761, California, United States",CGDR,Nationwide (CA),GOOGLE
"92382, California, United States",CGDR,Nationwide (CA),GOOGLE
"90606, California, United States",CGDR,Nationwide (CA),GOOGLE
"95827, California, United States",CGDR,Nationwide (CA),GOOGLE
"92091, California, United States",CGDR,Nationwide (CA),GOOGLE
"91042, California, United States",CGDR,Nationwide (CA),GOOGLE
"94109, California, United States",CGDR,Nationwide (CA),GOOGLE
"93944, California, United States",CGDR,Nationwide (CA),GOOGLE
"92009, California, United States",CGDR,Nationwide (CA),GOOGLE
"93030, California, United States",CGDR,Nationwide (CA),GOOGLE
"95236, California, United States",CGDR,Nationwide (CA),GOOGLE
"92316, California, United States",CGDR,Nationwide (CA),GOOGLE
"92624, California, United States",CGDR,Nationwide (CA),GOOGLE
"94402, California, United States",CGDR,Nationwide (CA),GOOGLE
"93662, California, United States",CGDR,Nationwide (CA),GOOGLE
"95354, California, United States",CGDR,Nationwide (CA),GOOGLE
"90278, California, United States",CGDR,Nationwide (CA),GOOGLE
"91016, California, United States",CGDR,Nationwide (CA),GOOGLE
"91350, California, United States",CGDR,Nationwide (CA),GOOGLE
"92120, California, United States",CGDR,Nationwide (CA),GOOGLE
"92268, California, United States",CGDR,Nationwide (CA),GOOGLE
"94116, California, United States",CGDR,Nationwide (CA),GOOGLE
"92705, California, United States",CGDR,Nationwide (CA),GOOGLE
"94619, California, United States",CGDR,Nationwide (CA),GOOGLE
"94019, California, United States",CGDR,Nationwide (CA),GOOGLE
"91106, California, United States",CGDR,Nationwide (CA),GOOGLE
"92105, California, United States",CGDR,Nationwide (CA),GOOGLE
"94903, California, United States",CGDR,Nationwide (CA),GOOGLE
"94964, California, United States",CGDR,Nationwide (CA),GOOGLE
"90013, California, United States",CGDR,Nationwide (CA),GOOGLE
"94612, California, United States",CGDR,Nationwide (CA),GOOGLE
"95693, California, United States",CGDR,Nationwide (CA),GOOGLE
"95670, California, United States",CGDR,Nationwide (CA),GOOGLE
"94710, California, United States",CGDR,Nationwide (CA),GOOGLE
"92518, California, United States",CGDR,Nationwide (CA),GOOGLE
"94705, California, United States",CGDR,Nationwide (CA),GOOGLE
"91436, California, United States",CGDR,Nationwide (CA),GOOGLE
"92620, California, United States",CGDR,Nationwide (CA),GOOGLE
"94578, California, United States",CGDR,Nationwide (CA),GOOGLE
"95130, California, United States",CGDR,Nationwide (CA),GOOGLE
"92065, California, United States",CGDR,Nationwide (CA),GOOGLE
"92861, California, United States",CGDR,Nationwide (CA),GOOGLE
"94803, California, United States",CGDR,Nationwide (CA),GOOGLE
"93544, California, United States",CGDR,Nationwide (CA),GOOGLE
"94112, California, United States",CGDR,Nationwide (CA),GOOGLE
"91010, California, United States",CGDR,Nationwide (CA),GOOGLE
"94580, California, United States",CGDR,Nationwide (CA),GOOGLE
"92026, California, United States",CGDR,Nationwide (CA),GOOGLE
"92305, California, United States",CGDR,Nationwide (CA),GOOGLE
"92342, California, United States",CGDR,Nationwide (CA),GOOGLE
"93422, California, United States",CGDR,Nationwide (CA),GOOGLE
"95694, California, United States",CGDR,Nationwide (CA),GOOGLE
"94065, California, United States",CGDR,Nationwide (CA),GOOGLE
"94544, California, United States",CGDR,Nationwide (CA),GOOGLE
"91324, California, United States",CGDR,Nationwide (CA),GOOGLE
"90272, California, United States",CGDR,Nationwide (CA),GOOGLE
"94805, California, United States",CGDR,Nationwide (CA),GOOGLE
"92843, California, United States",CGDR,Nationwide (CA),GOOGLE
"95018, California, United States",CGDR,Nationwide (CA),GOOGLE
"93201, California, United States",CGDR,Nationwide (CA),GOOGLE
"95833, California, United States",CGDR,Nationwide (CA),GOOGLE
"95937, California, United States",CGDR,Nationwide (CA),GOOGLE
"95817, California, United States",CGDR,Nationwide (CA),GOOGLE
"90293, California, United States",CGDR,Nationwide (CA),GOOGLE
"92110, California, United States",CGDR,Nationwide (CA),GOOGLE
"92395, California, United States",CGDR,Nationwide (CA),GOOGLE
"91780, California, United States",CGDR,Nationwide (CA),GOOGLE
"95140, California, United States",CGDR,Nationwide (CA),GOOGLE
"95212, California, United States",CGDR,Nationwide (CA),GOOGLE
"92831, California, United States",CGDR,Nationwide (CA),GOOGLE
"95122, California, United States",CGDR,Nationwide (CA),GOOGLE
"94592, California, United States",CGDR,Nationwide (CA),GOOGLE
"95645, California, United States",CGDR,Nationwide (CA),GOOGLE
"92614, California, United States",CGDR,Nationwide (CA),GOOGLE
"95075, California, United States",CGDR,Nationwide (CA),GOOGLE
"95824, California, United States",CGDR,Nationwide (CA),GOOGLE
"92583, California, United States",CGDR,Nationwide (CA),GOOGLE
"92509, California, United States",CGDR,Nationwide (CA),GOOGLE
"92587, California, United States",CGDR,Nationwide (CA),GOOGLE
"92590, California, United States",CGDR,Nationwide (CA),GOOGLE
"91917, California, United States",CGDR,Nationwide (CA),GOOGLE
"94020, California, United States",CGDR,Nationwide (CA),GOOGLE
"90220, California, United States",CGDR,Nationwide (CA),GOOGLE
"94545, California, United States",CGDR,Nationwide (CA),GOOGLE
"93272, California, United States",CGDR,Nationwide (CA),GOOGLE
"91390, California, United States",CGDR,Nationwide (CA),GOOGLE
"92083, California, United States",CGDR,Nationwide (CA),GOOGLE
"90701, California, United States",CGDR,Nationwide (CA),GOOGLE
"92134, California, United States",CGDR,Nationwide (CA),GOOGLE
"93453, California, United States",CGDR,Nationwide (CA),GOOGLE
"95008, California, United States",CGDR,Nationwide (CA),GOOGLE
"92223, California, United States",CGDR,Nationwide (CA),GOOGLE
"90249, California, United States",CGDR,Nationwide (CA),GOOGLE
"95316, California, United States",CGDR,Nationwide (CA),GOOGLE
"93041, California, United States",CGDR,Nationwide (CA),GOOGLE
"94555, California, United States",CGDR,Nationwide (CA),GOOGLE
"92327, California, United States",CGDR,Nationwide (CA),GOOGLE
"90302, California, United States",CGDR,Nationwide (CA),GOOGLE
"92649, California, United States",CGDR,Nationwide (CA),GOOGLE
"95351, California, United States",CGDR,Nationwide (CA),GOOGLE
"95631, California, United States",CGDR,Nationwide (CA),GOOGLE
"91040, California, United States",CGDR,Nationwide (CA),GOOGLE
"94601, California, United States",CGDR,Nationwide (CA),GOOGLE
"94603, California, United States",CGDR,Nationwide (CA),GOOGLE
"90744, California, United States",CGDR,Nationwide (CA),GOOGLE
"93563, California, United States",CGDR,Nationwide (CA),GOOGLE
"90041, California, United States",CGDR,Nationwide (CA),GOOGLE
"90028, California, United States",CGDR,Nationwide (CA),GOOGLE
"93424, California, United States",CGDR,Nationwide (CA),GOOGLE
"95356, California, United States",CGDR,Nationwide (CA),GOOGLE
"91748, California, United States",CGDR,Nationwide (CA),GOOGLE
"92867, California, United States",CGDR,Nationwide (CA),GOOGLE
"93907, California, United States",CGDR,Nationwide (CA),GOOGLE
"92841, California, United States",CGDR,Nationwide (CA),GOOGLE
"92394, California, United States",CGDR,Nationwide (CA),GOOGLE
"94304, California, United States",CGDR,Nationwide (CA),GOOGLE
"93257, California, United States",CGDR,Nationwide (CA),GOOGLE
"91768, California, United States",CGDR,Nationwide (CA),GOOGLE
"94301, California, United States",CGDR,Nationwide (CA),GOOGLE
"95961, California, United States",CGDR,Nationwide (CA),GOOGLE
"95703, California, United States",CGDR,Nationwide (CA),GOOGLE
"94708, California, United States",CGDR,Nationwide (CA),GOOGLE
"95387, California, United States",CGDR,Nationwide (CA),GOOGLE
"92377, California, United States",CGDR,Nationwide (CA),GOOGLE
"91411, California, United States",CGDR,Nationwide (CA),GOOGLE
"95811, California, United States",CGDR,Nationwide (CA),GOOGLE
"92663, California, United States",CGDR,Nationwide (CA),GOOGLE
"90222, California, United States",CGDR,Nationwide (CA),GOOGLE
"90005, California, United States",CGDR,Nationwide (CA),GOOGLE
"95816, California, United States",CGDR,Nationwide (CA),GOOGLE
"90057, California, United States",CGDR,Nationwide (CA),GOOGLE
"94621, California, United States",CGDR,Nationwide (CA),GOOGLE
"95240, California, United States",CGDR,Nationwide (CA),GOOGLE
"93036, California, United States",CGDR,Nationwide (CA),GOOGLE
"93109, California, United States",CGDR,Nationwide (CA),GOOGLE
"95658, California, United States",CGDR,Nationwide (CA),GOOGLE
"92378, California, United States",CGDR,Nationwide (CA),GOOGLE
"93013, California, United States",CGDR,Nationwide (CA),GOOGLE
"92617, California, United States",CGDR,Nationwide (CA),GOOGLE
"92879, California, United States",CGDR,Nationwide (CA),GOOGLE
"93461, California, United States",CGDR,Nationwide (CA),GOOGLE
"91722, California, United States",CGDR,Nationwide (CA),GOOGLE
"93428, California, United States",CGDR,Nationwide (CA),GOOGLE
"92358, California, United States",CGDR,Nationwide (CA),GOOGLE
"90290, California, United States",CGDR,Nationwide (CA),GOOGLE
"91759, California, United States",CGDR,Nationwide (CA),GOOGLE
"94060, California, United States",CGDR,Nationwide (CA),GOOGLE
"94546, California, United States",CGDR,Nationwide (CA),GOOGLE
"95662, California, United States",CGDR,Nationwide (CA),GOOGLE
"92070, California, United States",CGDR,Nationwide (CA),GOOGLE
"92532, California, United States",CGDR,Nationwide (CA),GOOGLE
"94124, California, United States",CGDR,Nationwide (CA),GOOGLE
"92591, California, United States",CGDR,Nationwide (CA),GOOGLE
"90506, California, United States",CGDR,Nationwide (CA),GOOGLE
"92113, California, United States",CGDR,Nationwide (CA),GOOGLE
"94117, California, United States",CGDR,Nationwide (CA),GOOGLE
"94560, California, United States",CGDR,Nationwide (CA),GOOGLE
"92505, California, United States",CGDR,Nationwide (CA),GOOGLE
"95672, California, United States",CGDR,Nationwide (CA),GOOGLE
"90680, California, United States",CGDR,Nationwide (CA),GOOGLE
"90260, California, United States",CGDR,Nationwide (CA),GOOGLE
"95320, California, United States",CGDR,Nationwide (CA),GOOGLE
"93245, California, United States",CGDR,Nationwide (CA),GOOGLE
"95993, California, United States",CGDR,Nationwide (CA),GOOGLE
"93063, California, United States",CGDR,Nationwide (CA),GOOGLE
"93117, California, United States",CGDR,Nationwide (CA),GOOGLE
"90034, California, United States",CGDR,Nationwide (CA),GOOGLE
"91302, California, United States",CGDR,Nationwide (CA),GOOGLE
"94556, California, United States",CGDR,Nationwide (CA),GOOGLE
"90068, California, United States",CGDR,Nationwide (CA),GOOGLE
"93704, California, United States",CGDR,Nationwide (CA),GOOGLE
"92003, California, United States",CGDR,Nationwide (CA),GOOGLE
"93616, California, United States",CGDR,Nationwide (CA),GOOGLE
"92010, California, United States",CGDR,Nationwide (CA),GOOGLE
"92883, California, United States",CGDR,Nationwide (CA),GOOGLE
"93924, California, United States",CGDR,Nationwide (CA),GOOGLE
"95835, California, United States",CGDR,Nationwide (CA),GOOGLE
"94074, California, United States",CGDR,Nationwide (CA),GOOGLE
"92081, California, United States",CGDR,Nationwide (CA),GOOGLE
"95637, California, United States",CGDR,Nationwide (CA),GOOGLE
"92122, California, United States",CGDR,Nationwide (CA),GOOGLE
"95627, California, United States",CGDR,Nationwide (CA),GOOGLE
"90064, California, United States",CGDR,Nationwide (CA),GOOGLE
"95219, California, United States",CGDR,Nationwide (CA),GOOGLE
"93440, California, United States",CGDR,Nationwide (CA),GOOGLE
"94063, California, United States",CGDR,Nationwide (CA),GOOGLE
"91304, California, United States",CGDR,Nationwide (CA),GOOGLE
"93003, California, United States",CGDR,Nationwide (CA),GOOGLE
"93458, California, United States",CGDR,Nationwide (CA),GOOGLE
"92059, California, United States",CGDR,Nationwide (CA),GOOGLE
"95660, California, United States",CGDR,Nationwide (CA),GOOGLE
"91708, California, United States",CGDR,Nationwide (CA),GOOGLE
"95634, California, United States",CGDR,Nationwide (CA),GOOGLE
"90212, California, United States",CGDR,Nationwide (CA),GOOGLE
"95918, California, United States",CGDR,Nationwide (CA),GOOGLE
"94014, California, United States",CGDR,Nationwide (CA),GOOGLE
"95126, California, United States",CGDR,Nationwide (CA),GOOGLE
"91902, California, United States",CGDR,Nationwide (CA),GOOGLE
"93441, California, United States",CGDR,Nationwide (CA),GOOGLE
"90071, California, United States",CGDR,Nationwide (CA),GOOGLE
"93723, California, United States",CGDR,Nationwide (CA),GOOGLE
"90048, California, United States",CGDR,Nationwide (CA),GOOGLE
"92555, California, United States",CGDR,Nationwide (CA),GOOGLE
"94305, California, United States",CGDR,Nationwide (CA),GOOGLE
"90001, California, United States",CGDR,Nationwide (CA),GOOGLE
"94040, California, United States",CGDR,Nationwide (CA),GOOGLE
"91208, California, United States",CGDR,Nationwide (CA),GOOGLE
"95258, California, United States",CGDR,Nationwide (CA),GOOGLE
"90280, California, United States",CGDR,Nationwide (CA),GOOGLE
"93636, California, United States",CGDR,Nationwide (CA),GOOGLE
"91205, California, United States",CGDR,Nationwide (CA),GOOGLE
"92107, California, United States",CGDR,Nationwide (CA),GOOGLE
"92282, California, United States",CGDR,Nationwide (CA),GOOGLE
"92376, California, United States",CGDR,Nationwide (CA),GOOGLE
"95615, California, United States",CGDR,Nationwide (CA),GOOGLE
"91360, California, United States",CGDR,Nationwide (CA),GOOGLE
"90077, California, United States",CGDR,Nationwide (CA),GOOGLE
"91203, California, United States",CGDR,Nationwide (CA),GOOGLE
"94002, California, United States",CGDR,Nationwide (CA),GOOGLE
"95612, California, United States",CGDR,Nationwide (CA),GOOGLE
"95667, California, United States",CGDR,Nationwide (CA),GOOGLE
"95006, California, United States",CGDR,Nationwide (CA),GOOGLE
"94121, California, United States",CGDR,Nationwide (CA),GOOGLE
"92553, California, United States",CGDR,Nationwide (CA),GOOGLE
"92359, California, United States",CGDR,Nationwide (CA),GOOGLE
"90808, California, United States",CGDR,Nationwide (CA),GOOGLE
"95686, California, United States",CGDR,Nationwide (CA),GOOGLE
"95033, California, United States",CGDR,Nationwide (CA),GOOGLE
"93728, California, United States",CGDR,Nationwide (CA),GOOGLE
"93432, California, United States",CGDR,Nationwide (CA),GOOGLE
"93437, California, United States",CGDR,Nationwide (CA),GOOGLE
"93022, California, United States",CGDR,Nationwide (CA),GOOGLE
"92145, California, United States",CGDR,Nationwide (CA),GOOGLE
"93405, California, United States",CGDR,Nationwide (CA),GOOGLE
"95333, California, United States",CGDR,Nationwide (CA),GOOGLE
"95818, California, United States",CGDR,Nationwide (CA),GOOGLE
"90035, California, United States",CGDR,Nationwide (CA),GOOGLE
"93925, California, United States",CGDR,Nationwide (CA),GOOGLE
"92627, California, United States",CGDR,Nationwide (CA),GOOGLE
"94104, California, United States",CGDR,Nationwide (CA),GOOGLE
"95118, California, United States",CGDR,Nationwide (CA),GOOGLE
"92835, California, United States",CGDR,Nationwide (CA),GOOGLE
"92582, California, United States",CGDR,Nationwide (CA),GOOGLE
"95843, California, United States",CGDR,Nationwide (CA),GOOGLE
"94606, California, United States",CGDR,Nationwide (CA),GOOGLE
"95638, California, United States",CGDR,Nationwide (CA),GOOGLE
"95363, California, United States",CGDR,Nationwide (CA),GOOGLE
"94110, California, United States",CGDR,Nationwide (CA),GOOGLE
"95306, California, United States",CGDR,Nationwide (CA),GOOGLE
"95864, California, United States",CGDR,Nationwide (CA),GOOGLE
"95717, California, United States",CGDR,Nationwide (CA),GOOGLE
"94122, California, United States",CGDR,Nationwide (CA),GOOGLE
"95128, California, United States",CGDR,Nationwide (CA),GOOGLE
"94957, California, United States",CGDR,Nationwide (CA),GOOGLE
"95841, California, United States",CGDR,Nationwide (CA),GOOGLE
"91762, California, United States",CGDR,Nationwide (CA),GOOGLE
"92571, California, United States",CGDR,Nationwide (CA),GOOGLE
"90069, California, United States",CGDR,Nationwide (CA),GOOGLE
"94517, California, United States",CGDR,Nationwide (CA),GOOGLE
"95012, California, United States",CGDR,Nationwide (CA),GOOGLE
"90210, California, United States",CGDR,Nationwide (CA),GOOGLE
"91303, California, United States",CGDR,Nationwide (CA),GOOGLE
"90740, California, United States",CGDR,Nationwide (CA),GOOGLE
"94933, California, United States",CGDR,Nationwide (CA),GOOGLE
"92368, California, United States",CGDR,Nationwide (CA),GOOGLE
"92129, California, United States",CGDR,Nationwide (CA),GOOGLE
"95046, California, United States",CGDR,Nationwide (CA),GOOGLE
"92346, California, United States",CGDR,Nationwide (CA),GOOGLE
"91502, California, United States",CGDR,Nationwide (CA),GOOGLE
"91602, California, United States",CGDR,Nationwide (CA),GOOGLE
"95111, California, United States",CGDR,Nationwide (CA),GOOGLE
"92008, California, United States",CGDR,Nationwide (CA),GOOGLE
"95365, California, United States",CGDR,Nationwide (CA),GOOGLE
"94564, California, United States",CGDR,Nationwide (CA),GOOGLE
"95141, California, United States",CGDR,Nationwide (CA),GOOGLE
"94720, California, United States",CGDR,Nationwide (CA),GOOGLE
"94507, California, United States",CGDR,Nationwide (CA),GOOGLE
"92333, California, United States",CGDR,Nationwide (CA),GOOGLE
"94806, California, United States",CGDR,Nationwide (CA),GOOGLE
"92661, California, United States",CGDR,Nationwide (CA),GOOGLE
"90501, California, United States",CGDR,Nationwide (CA),GOOGLE
"93435, California, United States",CGDR,Nationwide (CA),GOOGLE
"94041, California, United States",CGDR,Nationwide (CA),GOOGLE
"90840, California, United States",CGDR,Nationwide (CA),GOOGLE
"95304, California, United States",CGDR,Nationwide (CA),GOOGLE
"93737, California, United States",CGDR,Nationwide (CA),GOOGLE
"94518, California, United States",CGDR,Nationwide (CA),GOOGLE
"93267, California, United States",CGDR,Nationwide (CA),GOOGLE
"90039, California, United States",CGDR,Nationwide (CA),GOOGLE
"93455, California, United States",CGDR,Nationwide (CA),GOOGLE
"92007, California, United States",CGDR,Nationwide (CA),GOOGLE
"95619, California, United States",CGDR,Nationwide (CA),GOOGLE
"92325, California, United States",CGDR,Nationwide (CA),GOOGLE
"95975, California, United States",CGDR,Nationwide (CA),GOOGLE
"92339, California, United States",CGDR,Nationwide (CA),GOOGLE
"93553, California, United States",CGDR,Nationwide (CA),GOOGLE
"95307, California, United States",CGDR,Nationwide (CA),GOOGLE
"90805, California, United States",CGDR,Nationwide (CA),GOOGLE
"90095, California, United States",CGDR,Nationwide (CA),GOOGLE
"94401, California, United States",CGDR,Nationwide (CA),GOOGLE
"95220, California, United States",CGDR,Nationwide (CA),GOOGLE
"91767, California, United States",CGDR,Nationwide (CA),GOOGLE
"91790, California, United States",CGDR,Nationwide (CA),GOOGLE
"94087, California, United States",CGDR,Nationwide (CA),GOOGLE
"95692, California, United States",CGDR,Nationwide (CA),GOOGLE
"91784, California, United States",CGDR,Nationwide (CA),GOOGLE
"95117, California, United States",CGDR,Nationwide (CA),GOOGLE
"95116, California, United States",CGDR,Nationwide (CA),GOOGLE
"94508, California, United States",CGDR,Nationwide (CA),GOOGLE
"94945, California, United States",CGDR,Nationwide (CA),GOOGLE
"93449, California, United States",CGDR,Nationwide (CA),GOOGLE
"93705, California, United States",CGDR,Nationwide (CA),GOOGLE
"94158, California, United States",CGDR,Nationwide (CA),GOOGLE
"95687, California, United States",CGDR,Nationwide (CA),GOOGLE
"90291, California, United States",CGDR,Nationwide (CA),GOOGLE
"93064, California, United States",CGDR,Nationwide (CA),GOOGLE
"91786, California, United States",CGDR,Nationwide (CA),GOOGLE
"93630, California, United States",CGDR,Nationwide (CA),GOOGLE
"95054, California, United States",CGDR,Nationwide (CA),GOOGLE
"91008, California, United States",CGDR,Nationwide (CA),GOOGLE
"91011, California, United States",CGDR,Nationwide (CA),GOOGLE
"91746, California, United States",CGDR,Nationwide (CA),GOOGLE
"93648, California, United States",CGDR,Nationwide (CA),GOOGLE
"92373, California, United States",CGDR,Nationwide (CA),GOOGLE
"95330, California, United States",CGDR,Nationwide (CA),GOOGLE
"94044, California, United States",CGDR,Nationwide (CA),GOOGLE
"90650, California, United States",CGDR,Nationwide (CA),GOOGLE
"93656, California, United States",CGDR,Nationwide (CA),GOOGLE
"92308, California, United States",CGDR,Nationwide (CA),GOOGLE
"94030, California, United States",CGDR,Nationwide (CA),GOOGLE
"91355, California, United States",CGDR,Nationwide (CA),GOOGLE
"94534, California, United States",CGDR,Nationwide (CA),GOOGLE
"95674, California, United States",CGDR,Nationwide (CA),GOOGLE
"94618, California, United States",CGDR,Nationwide (CA),GOOGLE
"95664, California, United States",CGDR,Nationwide (CA),GOOGLE
"93653, California, United States",CGDR,Nationwide (CA),GOOGLE
"92407, California, United States",CGDR,Nationwide (CA),GOOGLE
"95211, California, United States",CGDR,Nationwide (CA),GOOGLE
"92618, California, United States",CGDR,Nationwide (CA),GOOGLE
"92161, California, United States",CGDR,Nationwide (CA),GOOGLE
"91202, California, United States",CGDR,Nationwide (CA),GOOGLE
"92071, California, United States",CGDR,Nationwide (CA),GOOGLE
"90638, California, United States",CGDR,Nationwide (CA),GOOGLE
"94956, California, United States",CGDR,Nationwide (CA),GOOGLE
"92182, California, United States",CGDR,Nationwide (CA),GOOGLE
"92337, California, United States",CGDR,Nationwide (CA),GOOGLE
"92058, California, United States",CGDR,Nationwide (CA),GOOGLE
"95368, California, United States",CGDR,Nationwide (CA),GOOGLE
"95032, California, United States",CGDR,Nationwide (CA),GOOGLE
"95659, California, United States",CGDR,Nationwide (CA),GOOGLE
"95620, California, United States",CGDR,Nationwide (CA),GOOGLE
"91601, California, United States",CGDR,Nationwide (CA),GOOGLE
"91321, California, United States",CGDR,Nationwide (CA),GOOGLE
"94541, California, United States",CGDR,Nationwide (CA),GOOGLE
"93654, California, United States",CGDR,Nationwide (CA),GOOGLE
"92706, California, United States",CGDR,Nationwide (CA),GOOGLE
"93033, California, United States",CGDR,Nationwide (CA),GOOGLE
"92320, California, United States",CGDR,Nationwide (CA),GOOGLE
"91901, California, United States",CGDR,Nationwide (CA),GOOGLE
"90201, California, United States",CGDR,Nationwide (CA),GOOGLE
"90804, California, United States",CGDR,Nationwide (CA),GOOGLE
"94512, California, United States",CGDR,Nationwide (CA),GOOGLE
"94585, California, United States",CGDR,Nationwide (CA),GOOGLE
"90242, California, United States",CGDR,Nationwide (CA),GOOGLE
"93706, California, United States",CGDR,Nationwide (CA),GOOGLE
"95360, California, United States",CGDR,Nationwide (CA),GOOGLE
"95614, California, United States",CGDR,Nationwide (CA),GOOGLE
"92544, California, United States",CGDR,Nationwide (CA),GOOGLE
"95815, California, United States",CGDR,Nationwide (CA),GOOGLE
"91752, California, United States",CGDR,Nationwide (CA),GOOGLE
"92029, California, United States",CGDR,Nationwide (CA),GOOGLE
"94505, California, United States",CGDR,Nationwide (CA),GOOGLE
"91733, California, United States",CGDR,Nationwide (CA),GOOGLE
"90022, California, United States",CGDR,Nationwide (CA),GOOGLE
"92823, California, United States",CGDR,Nationwide (CA),GOOGLE
"95313, California, United States",CGDR,Nationwide (CA),GOOGLE
"94129, California, United States",CGDR,Nationwide (CA),GOOGLE
"90814, California, United States",CGDR,Nationwide (CA),GOOGLE
"94576, California, United States",CGDR,Nationwide (CA),GOOGLE
"95690, California, United States",CGDR,Nationwide (CA),GOOGLE
"94519, California, United States",CGDR,Nationwide (CA),GOOGLE
"95957, California, United States",CGDR,Nationwide (CA),GOOGLE
"92391, California, United States",CGDR,Nationwide (CA),GOOGLE
"95070, California, United States",CGDR,Nationwide (CA),GOOGLE
"94509, California, United States",CGDR,Nationwide (CA),GOOGLE
"94965, California, United States",CGDR,Nationwide (CA),GOOGLE
"94037, California, United States",CGDR,Nationwide (CA),GOOGLE
"95004, California, United States",CGDR,Nationwide (CA),GOOGLE
"92707, California, United States",CGDR,Nationwide (CA),GOOGLE
"90605, California, United States",CGDR,Nationwide (CA),GOOGLE
"92401, California, United States",CGDR,Nationwide (CA),GOOGLE
"92656, California, United States",CGDR,Nationwide (CA),GOOGLE
"94924, California, United States",CGDR,Nationwide (CA),GOOGLE
"94089, California, United States",CGDR,Nationwide (CA),GOOGLE
"90262, California, United States",CGDR,Nationwide (CA),GOOGLE
"91101, California, United States",CGDR,Nationwide (CA),GOOGLE
"92236, California, United States",CGDR,Nationwide (CA),GOOGLE
"90265, California, United States",CGDR,Nationwide (CA),GOOGLE
"95132, California, United States",CGDR,Nationwide (CA),GOOGLE
"95134, California, United States",CGDR,Nationwide (CA),GOOGLE
"90248, California, United States",CGDR,Nationwide (CA),GOOGLE
"95121, California, United States",CGDR,Nationwide (CA),GOOGLE
"95830, California, United States",CGDR,Nationwide (CA),GOOGLE
"91001, California, United States",CGDR,Nationwide (CA),GOOGLE
"95639, California, United States",CGDR,Nationwide (CA),GOOGLE
"93270, California, United States",CGDR,Nationwide (CA),GOOGLE
"92114, California, United States",CGDR,Nationwide (CA),GOOGLE
"93701, California, United States",CGDR,Nationwide (CA),GOOGLE
"90746, California, United States",CGDR,Nationwide (CA),GOOGLE
"94963, California, United States",CGDR,Nationwide (CA),GOOGLE
"95651, California, United States",CGDR,Nationwide (CA),GOOGLE
"93702, California, United States",CGDR,Nationwide (CA),GOOGLE
"91201, California, United States",CGDR,Nationwide (CA),GOOGLE
"91024, California, United States",CGDR,Nationwide (CA),GOOGLE
"92106, California, United States",CGDR,Nationwide (CA),GOOGLE
"94704, California, United States",CGDR,Nationwide (CA),GOOGLE
"95901, California, United States",CGDR,Nationwide (CA),GOOGLE
"91801, California, United States",CGDR,Nationwide (CA),GOOGLE
"95742, California, United States",CGDR,Nationwide (CA),GOOGLE
"92234, California, United States",CGDR,Nationwide (CA),GOOGLE
"94503, California, United States",CGDR,Nationwide (CA),GOOGLE
"93111, California, United States",CGDR,Nationwide (CA),GOOGLE
"90032, California, United States",CGDR,Nationwide (CA),GOOGLE
"95680, California, United States",CGDR,Nationwide (CA),GOOGLE
"90713, California, United States",CGDR,Nationwide (CA),GOOGLE
"90017, California, United States",CGDR,Nationwide (CA),GOOGLE
"92660, California, United States",CGDR,Nationwide (CA),GOOGLE
"92040, California, United States",CGDR,Nationwide (CA),GOOGLE
"95215, California, United States",CGDR,Nationwide (CA),GOOGLE
"90305, California, United States",CGDR,Nationwide (CA),GOOGLE
"93436, California, United States",CGDR,Nationwide (CA),GOOGLE
"95820, California, United States",CGDR,Nationwide (CA),GOOGLE
"95650, California, United States",CGDR,Nationwide (CA),GOOGLE
"92647, California, United States",CGDR,Nationwide (CA),GOOGLE
"93427, California, United States",CGDR,Nationwide (CA),GOOGLE
"92821, California, United States",CGDR,Nationwide (CA),GOOGLE
"93292, California, United States",CGDR,Nationwide (CA),GOOGLE
"92844, California, United States",CGDR,Nationwide (CA),GOOGLE
"92027, California, United States",CGDR,Nationwide (CA),GOOGLE
"95663, California, United States",CGDR,Nationwide (CA),GOOGLE
"92096, California, United States",CGDR,Nationwide (CA),GOOGLE
"95758, California, United States",CGDR,Nationwide (CA),GOOGLE
"93105, California, United States",CGDR,Nationwide (CA),GOOGLE
"90018, California, United States",CGDR,Nationwide (CA),GOOGLE
"91737, California, United States",CGDR,Nationwide (CA),GOOGLE
"94553, California, United States",CGDR,Nationwide (CA),GOOGLE
"94595, California, United States",CGDR,Nationwide (CA),GOOGLE
"92179, California, United States",CGDR,Nationwide (CA),GOOGLE
"95231, California, United States",CGDR,Nationwide (CA),GOOGLE
"91911, California, United States",CGDR,Nationwide (CA),GOOGLE
"95329, California, United States",CGDR,Nationwide (CA),GOOGLE
"90503, California, United States",CGDR,Nationwide (CA),GOOGLE
"90755, California, United States",CGDR,Nationwide (CA),GOOGLE
"95045, California, United States",CGDR,Nationwide (CA),GOOGLE
"93721, California, United States",CGDR,Nationwide (CA),GOOGLE
"94103, California, United States",CGDR,Nationwide (CA),GOOGLE
"95668, California, United States",CGDR,Nationwide (CA),GOOGLE
"91381, California, United States",CGDR,Nationwide (CA),GOOGLE
"95065, California, United States",CGDR,Nationwide (CA),GOOGLE
"93066, California, United States",CGDR,Nationwide (CA),GOOGLE
"94127, California, United States",CGDR,Nationwide (CA),GOOGLE
"91505, California, United States",CGDR,Nationwide (CA),GOOGLE
"90715, California, United States",CGDR,Nationwide (CA),GOOGLE
"92655, California, United States",CGDR,Nationwide (CA),GOOGLE
"95357, California, United States",CGDR,Nationwide (CA),GOOGLE
"90304, California, United States",CGDR,Nationwide (CA),GOOGLE
"90604, California, United States",CGDR,Nationwide (CA),GOOGLE
"93101, California, United States",CGDR,Nationwide (CA),GOOGLE
"95903, California, United States",CGDR,Nationwide (CA),GOOGLE
"93110, California, United States",CGDR,Nationwide (CA),GOOGLE
"92335, California, United States",CGDR,Nationwide (CA),GOOGLE
"92115, California, United States",CGDR,Nationwide (CA),GOOGLE
"94552, California, United States",CGDR,Nationwide (CA),GOOGLE
"94547, California, United States",CGDR,Nationwide (CA),GOOGLE
"94930, California, United States",CGDR,Nationwide (CA),GOOGLE
"93626, California, United States",CGDR,Nationwide (CA),GOOGLE
"92410, California, United States",CGDR,Nationwide (CA),GOOGLE
"92657, California, United States",CGDR,Nationwide (CA),GOOGLE
"92140, California, United States",CGDR,Nationwide (CA),GOOGLE
"90245, California, United States",CGDR,Nationwide (CA),GOOGLE
"92117, California, United States",CGDR,Nationwide (CA),GOOGLE
"93953, California, United States",CGDR,Nationwide (CA),GOOGLE
"93247, California, United States",CGDR,Nationwide (CA),GOOGLE
"91107, California, United States",CGDR,Nationwide (CA),GOOGLE
"95616, California, United States",CGDR,Nationwide (CA),GOOGLE
"94010, California, United States",CGDR,Nationwide (CA),GOOGLE
"91342, California, United States",CGDR,Nationwide (CA),GOOGLE
"91916, California, United States",CGDR,Nationwide (CA),GOOGLE
"95210, California, United States",CGDR,Nationwide (CA),GOOGLE
"90211, California, United States",CGDR,Nationwide (CA),GOOGLE
"91931, California, United States",CGDR,Nationwide (CA),GOOGLE
"95618, California, United States",CGDR,Nationwide (CA),GOOGLE
"92128, California, United States",CGDR,Nationwide (CA),GOOGLE
"95367, California, United States",CGDR,Nationwide (CA),GOOGLE
"94404, California, United States",CGDR,Nationwide (CA),GOOGLE
"95124, California, United States",CGDR,Nationwide (CA),GOOGLE
"92356, California, United States",CGDR,Nationwide (CA),GOOGLE
"94038, California, United States",CGDR,Nationwide (CA),GOOGLE
"92397, California, United States",CGDR,Nationwide (CA),GOOGLE
"93727, California, United States",CGDR,Nationwide (CA),GOOGLE
"91104, California, United States",CGDR,Nationwide (CA),GOOGLE
"95832, California, United States",CGDR,Nationwide (CA),GOOGLE
"90401, California, United States",CGDR,Nationwide (CA),GOOGLE
"94610, California, United States",CGDR,Nationwide (CA),GOOGLE
"92028, California, United States",CGDR,Nationwide (CA),GOOGLE
"94070, California, United States",CGDR,Nationwide (CA),GOOGLE
"95652, California, United States",CGDR,Nationwide (CA),GOOGLE
"92347, California, United States",CGDR,Nationwide (CA),GOOGLE
"92584, California, United States",CGDR,Nationwide (CA),GOOGLE
"91763, California, United States",CGDR,Nationwide (CA),GOOGLE
"93266, California, United States",CGDR,Nationwide (CA),GOOGLE
"95676, California, United States",CGDR,Nationwide (CA),GOOGLE
"93452, California, United States",CGDR,Nationwide (CA),GOOGLE
"92084, California, United States",CGDR,Nationwide (CA),GOOGLE
"95607, California, United States",CGDR,Nationwide (CA),GOOGLE
"91501, California, United States",CGDR,Nationwide (CA),GOOGLE
"95035, California, United States",CGDR,Nationwide (CA),GOOGLE
"93906, California, United States",CGDR,Nationwide (CA),GOOGLE
"91941, California, United States",CGDR,Nationwide (CA),GOOGLE
"92880, California, United States",CGDR,Nationwide (CA),GOOGLE
"94128, California, United States",CGDR,Nationwide (CA),GOOGLE
"94611, California, United States",CGDR,Nationwide (CA),GOOGLE
"94589, California, United States",CGDR,Nationwide (CA),GOOGLE
"90038, California, United States",CGDR,Nationwide (CA),GOOGLE
"91108, California, United States",CGDR,Nationwide (CA),GOOGLE
"94937, California, United States",CGDR,Nationwide (CA),GOOGLE
"95709, California, United States",CGDR,Nationwide (CA),GOOGLE
"92321, California, United States",CGDR,Nationwide (CA),GOOGLE
"91945, California, United States",CGDR,Nationwide (CA),GOOGLE
"91030, California, United States",CGDR,Nationwide (CA),GOOGLE
"95060, California, United States",CGDR,Nationwide (CA),GOOGLE
"92011, California, United States",CGDR,Nationwide (CA),GOOGLE
"90640, California, United States",CGDR,Nationwide (CA),GOOGLE
"92868, California, United States",CGDR,Nationwide (CA),GOOGLE
"92530, California, United States",CGDR,Nationwide (CA),GOOGLE
"94597, California, United States",CGDR,Nationwide (CA),GOOGLE
"92025, California, United States",CGDR,Nationwide (CA),GOOGLE
"90047, California, United States",CGDR,Nationwide (CA),GOOGLE
"94115, California, United States",CGDR,Nationwide (CA),GOOGLE
"91384, California, United States",CGDR,Nationwide (CA),GOOGLE
"95119, California, United States",CGDR,Nationwide (CA),GOOGLE
"92203, California, United States",CGDR,Nationwide (CA),GOOGLE
"91607, California, United States",CGDR,Nationwide (CA),GOOGLE
"93615, California, United States",CGDR,Nationwide (CA),GOOGLE
"95831, California, United States",CGDR,Nationwide (CA),GOOGLE
"95202, California, United States",CGDR,Nationwide (CA),GOOGLE
"92314, California, United States",CGDR,Nationwide (CA),GOOGLE
"91103, California, United States",CGDR,Nationwide (CA),GOOGLE
"94114, California, United States",CGDR,Nationwide (CA),GOOGLE
"90062, California, United States",CGDR,Nationwide (CA),GOOGLE
"93042, California, United States",CGDR,Nationwide (CA),GOOGLE
"95358, California, United States",CGDR,Nationwide (CA),GOOGLE
"93043, California, United States",CGDR,Nationwide (CA),GOOGLE
"95129, California, United States",CGDR,Nationwide (CA),GOOGLE
"94608, California, United States",CGDR,Nationwide (CA),GOOGLE
"90802, California, United States",CGDR,Nationwide (CA),GOOGLE
"90014, California, United States",CGDR,Nationwide (CA),GOOGLE
"92341, California, United States",CGDR,Nationwide (CA),GOOGLE
"92629, California, United States",CGDR,Nationwide (CA),GOOGLE
"95946, California, United States",CGDR,Nationwide (CA),GOOGLE
"95606, California, United States",CGDR,Nationwide (CA),GOOGLE
"95136, California, United States",CGDR,Nationwide (CA),GOOGLE
"95386, California, United States",CGDR,Nationwide (CA),GOOGLE
"92126, California, United States",CGDR,Nationwide (CA),GOOGLE
"94501, California, United States",CGDR,Nationwide (CA),GOOGLE
"93434, California, United States",CGDR,Nationwide (CA),GOOGLE
"94947, California, United States",CGDR,Nationwide (CA),GOOGLE
"92703, California, United States",CGDR,Nationwide (CA),GOOGLE
"95945, California, United States",CGDR,Nationwide (CA),GOOGLE
"92610, California, United States",CGDR,Nationwide (CA),GOOGLE
"92078, California, United States",CGDR,Nationwide (CA),GOOGLE
"93726, California, United States",CGDR,Nationwide (CA),GOOGLE
"91963, California, United States",CGDR,Nationwide (CA),GOOGLE
"94940, California, United States",CGDR,Nationwide (CA),GOOGLE
"91978, California, United States",CGDR,Nationwide (CA),GOOGLE
"91803, California, United States",CGDR,Nationwide (CA),GOOGLE
"91401, California, United States",CGDR,Nationwide (CA),GOOGLE
"90631, California, United States",CGDR,Nationwide (CA),GOOGLE
"95039, California, United States",CGDR,Nationwide (CA),GOOGLE
"93536, California, United States",CGDR,Nationwide (CA),GOOGLE
"93015, California, United States",CGDR,Nationwide (CA),GOOGLE
"92405, California, United States",CGDR,Nationwide (CA),GOOGLE
"92307, California, United States",CGDR,Nationwide (CA),GOOGLE
"95714, California, United States",CGDR,Nationwide (CA),GOOGLE
"90703, California, United States",CGDR,Nationwide (CA),GOOGLE
"92506, California, United States",CGDR,Nationwide (CA),GOOGLE
"92691, California, United States",CGDR,Nationwide (CA),GOOGLE
"90042, California, United States",CGDR,Nationwide (CA),GOOGLE
"93442, California, United States",CGDR,Nationwide (CA),GOOGLE
"92676, California, United States",CGDR,Nationwide (CA),GOOGLE
"93591, California, United States",CGDR,Nationwide (CA),GOOGLE
"94131, California, United States",CGDR,Nationwide (CA),GOOGLE
"95203, California, United States",CGDR,Nationwide (CA),GOOGLE
"95242, California, United States",CGDR,Nationwide (CA),GOOGLE
"92539, California, United States",CGDR,Nationwide (CA),GOOGLE
"92881, California, United States",CGDR,Nationwide (CA),GOOGLE
"90717, California, United States",CGDR,Nationwide (CA),GOOGLE
"92274, California, United States",CGDR,Nationwide (CA),GOOGLE
"93463, California, United States",CGDR,Nationwide (CA),GOOGLE
"92567, California, United States",CGDR,Nationwide (CA),GOOGLE
"91724, California, United States",CGDR,Nationwide (CA),GOOGLE
"94506, California, United States",CGDR,Nationwide (CA),GOOGLE
"92543, California, United States",CGDR,Nationwide (CA),GOOGLE
"92840, California, United States",CGDR,Nationwide (CA),GOOGLE
"92625, California, United States",CGDR,Nationwide (CA),GOOGLE
"92352, California, United States",CGDR,Nationwide (CA),GOOGLE
"94702, California, United States",CGDR,Nationwide (CA),GOOGLE
"92548, California, United States",CGDR,Nationwide (CA),GOOGLE
"90621, California, United States",CGDR,Nationwide (CA),GOOGLE
"94939, California, United States",CGDR,Nationwide (CA),GOOGLE
"94904, California, United States",CGDR,Nationwide (CA),GOOGLE
"90277, California, United States",CGDR,Nationwide (CA),GOOGLE
"93402, California, United States",CGDR,Nationwide (CA),GOOGLE
"95237, California, United States",CGDR,Nationwide (CA),GOOGLE
"94559, California, United States",CGDR,Nationwide (CA),GOOGLE
"94303, California, United States",CGDR,Nationwide (CA),GOOGLE
"94590, California, United States",CGDR,Nationwide (CA),GOOGLE
"93551, California, United States",CGDR,Nationwide (CA),GOOGLE
"92230, California, United States",CGDR,Nationwide (CA),GOOGLE
"92648, California, United States",CGDR,Nationwide (CA),GOOGLE
"90044, California, United States",CGDR,Nationwide (CA),GOOGLE
"91731, California, United States",CGDR,Nationwide (CA),GOOGLE
"92411, California, United States",CGDR,Nationwide (CA),GOOGLE
"93430, California, United States",CGDR,Nationwide (CA),GOOGLE
"95837, California, United States",CGDR,Nationwide (CA),GOOGLE
"91977, California, United States",CGDR,Nationwide (CA),GOOGLE
"91343, California, United States",CGDR,Nationwide (CA),GOOGLE
"95691, California, United States",CGDR,Nationwide (CA),GOOGLE
"95821, California, United States",CGDR,Nationwide (CA),GOOGLE
"92501, California, United States",CGDR,Nationwide (CA),GOOGLE
"91325, California, United States",CGDR,Nationwide (CA),GOOGLE
"95605, California, United States",CGDR,Nationwide (CA),GOOGLE
"90303, California, United States",CGDR,Nationwide (CA),GOOGLE
"90813, California, United States",CGDR,Nationwide (CA),GOOGLE
"92123, California, United States",CGDR,Nationwide (CA),GOOGLE
"90006, California, United States",CGDR,Nationwide (CA),GOOGLE
"92536, California, United States",CGDR,Nationwide (CA),GOOGLE
"93631, California, United States",CGDR,Nationwide (CA),GOOGLE
"95341, California, United States",CGDR,Nationwide (CA),GOOGLE
"95836, California, United States",CGDR,Nationwide (CA),GOOGLE
"94925, California, United States",CGDR,Nationwide (CA),GOOGLE
"91020, California, United States",CGDR,Nationwide (CA),GOOGLE
"95230, California, United States",CGDR,Nationwide (CA),GOOGLE
"90404, California, United States",CGDR,Nationwide (CA),GOOGLE
"93610, California, United States",CGDR,Nationwide (CA),GOOGLE
"92240, California, United States",CGDR,Nationwide (CA),GOOGLE
"92067, California, United States",CGDR,Nationwide (CA),GOOGLE
"90402, California, United States",CGDR,Nationwide (CA),GOOGLE
"93221, California, United States",CGDR,Nationwide (CA),GOOGLE
"90031, California, United States",CGDR,Nationwide (CA),GOOGLE
"94132, California, United States",CGDR,Nationwide (CA),GOOGLE
"90029, California, United States",CGDR,Nationwide (CA),GOOGLE
"94516, California, United States",CGDR,Nationwide (CA),GOOGLE
"93657, California, United States",CGDR,Nationwide (CA),GOOGLE
"92057, California, United States",CGDR,Nationwide (CA),GOOGLE
"90232, California, United States",CGDR,Nationwide (CA),GOOGLE
"95623, California, United States",CGDR,Nationwide (CA),GOOGLE
"93730, California, United States",CGDR,Nationwide (CA),GOOGLE
"92060, California, United States",CGDR,Nationwide (CA),GOOGLE
"94061, California, United States",CGDR,Nationwide (CA),GOOGLE
"92315, California, United States",CGDR,Nationwide (CA),GOOGLE
"90603, California, United States",CGDR,Nationwide (CA),GOOGLE
"93651, California, United States",CGDR,Nationwide (CA),GOOGLE
"95385, California, United States",CGDR,Nationwide (CA),GOOGLE
"94102, California, United States",CGDR,Nationwide (CA),GOOGLE
"93534, California, United States",CGDR,Nationwide (CA),GOOGLE
"92866, California, United States",CGDR,Nationwide (CA),GOOGLE
"93429, California, United States",CGDR,Nationwide (CA),GOOGLE
"94535, California, United States",CGDR,Nationwide (CA),GOOGLE
"91744, California, United States",CGDR,Nationwide (CA),GOOGLE
"91776, California, United States",CGDR,Nationwide (CA),GOOGLE
"90706, California, United States",CGDR,Nationwide (CA),GOOGLE
"95317, California, United States",CGDR,Nationwide (CA),GOOGLE
"92585, California, United States",CGDR,Nationwide (CA),GOOGLE
"91935, California, United States",CGDR,Nationwide (CA),GOOGLE
"95110, California, United States",CGDR,Nationwide (CA),GOOGLE
"95125, California, United States",CGDR,Nationwide (CA),GOOGLE
"90710, California, United States",CGDR,Nationwide (CA),GOOGLE
"90061, California, United States",CGDR,Nationwide (CA),GOOGLE
"90502, California, United States",CGDR,Nationwide (CA),GOOGLE
"95380, California, United States",CGDR,Nationwide (CA),GOOGLE
"94596, California, United States",CGDR,Nationwide (CA),GOOGLE
"95626, California, United States",CGDR,Nationwide (CA),GOOGLE
"93532, California, United States",CGDR,Nationwide (CA),GOOGLE
"90067, California, United States",CGDR,Nationwide (CA),GOOGLE
"95050, California, United States",CGDR,Nationwide (CA),GOOGLE
"91605, California, United States",CGDR,Nationwide (CA),GOOGLE
"90270, California, United States",CGDR,Nationwide (CA),GOOGLE
"95323, California, United States",CGDR,Nationwide (CA),GOOGLE
"95641, California, United States",CGDR,Nationwide (CA),GOOGLE
"91361, California, United States",CGDR,Nationwide (CA),GOOGLE
"95005, California, United States",CGDR,Nationwide (CA),GOOGLE
"92398, California, United States",CGDR,Nationwide (CA),GOOGLE
"92595, California, United States",CGDR,Nationwide (CA),GOOGLE
"92103, California, United States",CGDR,Nationwide (CA),GOOGLE
"94579, California, United States",CGDR,Nationwide (CA),GOOGLE
"90094, California, United States",CGDR,Nationwide (CA),GOOGLE
"95991, California, United States",CGDR,Nationwide (CA),GOOGLE
"95635, California, United States",CGDR,Nationwide (CA),GOOGLE
"92504, California, United States",CGDR,Nationwide (CA),GOOGLE
"95340, California, United States",CGDR,Nationwide (CA),GOOGLE
"94709, California, United States",CGDR,Nationwide (CA),GOOGLE
"93060, California, United States",CGDR,Nationwide (CA),GOOGLE
"93242, California, United States",CGDR,Nationwide (CA),GOOGLE
"92116, California, United States",CGDR,Nationwide (CA),GOOGLE
"95073, California, United States",CGDR,Nationwide (CA),GOOGLE
"95382, California, United States",CGDR,Nationwide (CA),GOOGLE
"92054, California, United States",CGDR,Nationwide (CA),GOOGLE
"94133, California, United States",CGDR,Nationwide (CA),GOOGLE
"92845, California, United States",CGDR,Nationwide (CA),GOOGLE
"95120, California, United States",CGDR,Nationwide (CA),GOOGLE
"95819, California, United States",CGDR,Nationwide (CA),GOOGLE
"95953, California, United States",CGDR,Nationwide (CA),GOOGLE
"93001, California, United States",CGDR,Nationwide (CA),GOOGLE
"91775, California, United States",CGDR,Nationwide (CA),GOOGLE
"91504, California, United States",CGDR,Nationwide (CA),GOOGLE
"95608, California, United States",CGDR,Nationwide (CA),GOOGLE
"95982, California, United States",CGDR,Nationwide (CA),GOOGLE
"94970, California, United States",CGDR,Nationwide (CA),GOOGLE
"91980, California, United States",CGDR,Nationwide (CA),GOOGLE
"92021, California, United States",CGDR,Nationwide (CA),GOOGLE
"93711, California, United States",CGDR,Nationwide (CA),GOOGLE
"94111, California, United States",CGDR,Nationwide (CA),GOOGLE
"94571, California, United States",CGDR,Nationwide (CA),GOOGLE
"92284, California, United States",CGDR,Nationwide (CA),GOOGLE
"90810, California, United States",CGDR,Nationwide (CA),GOOGLE
"95633, California, United States",CGDR,Nationwide (CA),GOOGLE
"93291, California, United States",CGDR,Nationwide (CA),GOOGLE
"93543, California, United States",CGDR,Nationwide (CA),GOOGLE
"92586, California, United States",CGDR,Nationwide (CA),GOOGLE
"95376, California, United States",CGDR,Nationwide (CA),GOOGLE
"94105, California, United States",CGDR,Nationwide (CA),GOOGLE
"92131, California, United States",CGDR,Nationwide (CA),GOOGLE
"94609, California, United States",CGDR,Nationwide (CA),GOOGLE
"91710, California, United States",CGDR,Nationwide (CA),GOOGLE
"90292, California, United States",CGDR,Nationwide (CA),GOOGLE
"95701, California, United States",CGDR,Nationwide (CA),GOOGLE
"94510, California, United States",CGDR,Nationwide (CA),GOOGLE
"92256, California, United States",CGDR,Nationwide (CA),GOOGLE
"94550, California, United States",CGDR,Nationwide (CA),GOOGLE
"92093, California, United States",CGDR,Nationwide (CA),GOOGLE
"92019, California, United States",CGDR,Nationwide (CA),GOOGLE
"95113, California, United States",CGDR,Nationwide (CA),GOOGLE
"94134, California, United States",CGDR,Nationwide (CA),GOOGLE
"95135, California, United States",CGDR,Nationwide (CA),GOOGLE
"93023, California, United States",CGDR,Nationwide (CA),GOOGLE
"94801, California, United States",CGDR,Nationwide (CA),GOOGLE
"92415, California, United States",CGDR,Nationwide (CA),GOOGLE
"95673, California, United States",CGDR,Nationwide (CA),GOOGLE
"92313, California, United States",CGDR,Nationwide (CA),GOOGLE
"91750, California, United States",CGDR,Nationwide (CA),GOOGLE
"90010, California, United States",CGDR,Nationwide (CA),GOOGLE
"95337, California, United States",CGDR,Nationwide (CA),GOOGLE
"92109, California, United States",CGDR,Nationwide (CA),GOOGLE
"94558, California, United States",CGDR,Nationwide (CA),GOOGLE
"90806, California, United States",CGDR,Nationwide (CA),GOOGLE
"90807, California, United States",CGDR,Nationwide (CA),GOOGLE
"93535, California, United States",CGDR,Nationwide (CA),GOOGLE
"93901, California, United States",CGDR,Nationwide (CA),GOOGLE
"92653, California, United States",CGDR,Nationwide (CA),GOOGLE
"92806, California, United States",CGDR,Nationwide (CA),GOOGLE
"95822, California, United States",CGDR,Nationwide (CA),GOOGLE
"93638, California, United States",CGDR,Nationwide (CA),GOOGLE
"95713, California, United States",CGDR,Nationwide (CA),GOOGLE
"92136, California, United States",CGDR,Nationwide (CA),GOOGLE
"93212, California, United States",CGDR,Nationwide (CA),GOOGLE
"94502, California, United States",CGDR,Nationwide (CA),GOOGLE
"93609, California, United States",CGDR,Nationwide (CA),GOOGLE
"91207, California, United States",CGDR,Nationwide (CA),GOOGLE
"92602, California, United States",CGDR,Nationwide (CA),GOOGLE
"95377, California, United States",CGDR,Nationwide (CA),GOOGLE
"94025, California, United States",CGDR,Nationwide (CA),GOOGLE
"90063, California, United States",CGDR,Nationwide (CA),GOOGLE
"92860, California, United States",CGDR,Nationwide (CA),GOOGLE
"95842, California, United States",CGDR,Nationwide (CA),GOOGLE
"93612, California, United States",CGDR,Nationwide (CA),GOOGLE
"93550, California, United States",CGDR,Nationwide (CA),GOOGLE
"95681, California, United States",CGDR,Nationwide (CA),GOOGLE
"94920, California, United States",CGDR,Nationwide (CA),GOOGLE
"95722, California, United States",CGDR,Nationwide (CA),GOOGLE
"92782, California, United States",CGDR,Nationwide (CA),GOOGLE
"91711, California, United States",CGDR,Nationwide (CA),GOOGLE
"92372, California, United States",CGDR,Nationwide (CA),GOOGLE
"95326, California, United States",CGDR,Nationwide (CA),GOOGLE
"94107, California, United States",CGDR,Nationwide (CA),GOOGLE
"93454, California, United States",CGDR,Nationwide (CA),GOOGLE
"91791, California, United States",CGDR,Nationwide (CA),GOOGLE
"93040, California, United States",CGDR,Nationwide (CA),GOOGLE
"94949, California, United States",CGDR,Nationwide (CA),GOOGLE
"95355, California, United States",CGDR,Nationwide (CA),GOOGLE
"91377, California, United States",CGDR,Nationwide (CA),GOOGLE
"93625, California, United States",CGDR,Nationwide (CA),GOOGLE
"90008, California, United States",CGDR,Nationwide (CA),GOOGLE
"90027, California, United States",CGDR,Nationwide (CA),GOOGLE
"90011, California, United States",CGDR,Nationwide (CA),GOOGLE
"95677, California, United States",CGDR,Nationwide (CA),GOOGLE
"94520, California, United States",CGDR,Nationwide (CA),GOOGLE
"92549, California, United States",CGDR,Nationwide (CA),GOOGLE
"94567, California, United States",CGDR,Nationwide (CA),GOOGLE
"92102, California, United States",CGDR,Nationwide (CA),GOOGLE
"92061, California, United States",CGDR,Nationwide (CA),GOOGLE
"93905, California, United States",CGDR,Nationwide (CA),GOOGLE
"90301, California, United States",CGDR,Nationwide (CA),GOOGLE
"94306, California, United States",CGDR,Nationwide (CA),GOOGLE
"91914, California, United States",CGDR,Nationwide (CA),GOOGLE
"95350, California, United States",CGDR,Nationwide (CA),GOOGLE
"92561, California, United States",CGDR,Nationwide (CA),GOOGLE
"92865, California, United States",CGDR,Nationwide (CA),GOOGLE
"94591, California, United States",CGDR,Nationwide (CA),GOOGLE
"92637, California, United States",CGDR,Nationwide (CA),GOOGLE
"94938, California, United States",CGDR,Nationwide (CA),GOOGLE
"94703, California, United States",CGDR,Nationwide (CA),GOOGLE
"90221, California, United States",CGDR,Nationwide (CA),GOOGLE
"90089, California, United States",CGDR,Nationwide (CA),GOOGLE
"90815, California, United States",CGDR,Nationwide (CA),GOOGLE
"90745, California, United States",CGDR,Nationwide (CA),GOOGLE
"94123, California, United States",CGDR,Nationwide (CA),GOOGLE
"91356, California, United States",CGDR,Nationwide (CA),GOOGLE
"94515, California, United States",CGDR,Nationwide (CA),GOOGLE
"94583, California, United States",CGDR,Nationwide (CA),GOOGLE
"90505, California, United States",CGDR,Nationwide (CA),GOOGLE
"90240, California, United States",CGDR,Nationwide (CA),GOOGLE
"93465, California, United States",CGDR,Nationwide (CA),GOOGLE
"93257, California, United States",CGDR,Bakersfield,GOOGLE
"93250, California, United States",CGDR,Bakersfield,GOOGLE
"93311, California, United States",CGDR,Bakersfield,GOOGLE
"93268, California, United States",CGDR,Bakersfield,GOOGLE
"93518, California, United States",CGDR,Bakersfield,GOOGLE
"93201, California, United States",CGDR,Bakersfield,GOOGLE
"93306, California, United States",CGDR,Bakersfield,GOOGLE
"93305, California, United States",CGDR,Bakersfield,GOOGLE
"93307, California, United States",CGDR,Bakersfield,GOOGLE
"93313, California, United States",CGDR,Bakersfield,GOOGLE
"93203, California, United States",CGDR,Bakersfield,GOOGLE
"93263, California, United States",CGDR,Bakersfield,GOOGLE
"93531, California, United States",CGDR,Bakersfield,GOOGLE
"93304, California, United States",CGDR,Bakersfield,GOOGLE
"93280, California, United States",CGDR,Bakersfield,GOOGLE
"93285, California, United States",CGDR,Bakersfield,GOOGLE
"93314, California, United States",CGDR,Bakersfield,GOOGLE
"93287, California, United States",CGDR,Bakersfield,GOOGLE
"93226, California, United States",CGDR,Bakersfield,GOOGLE
"93561, California, United States",CGDR,Bakersfield,GOOGLE
"93270, California, United States",CGDR,Bakersfield,GOOGLE
"93283, California, United States",CGDR,Bakersfield,GOOGLE
"93220, California, United States",CGDR,Bakersfield,GOOGLE
"93238, California, United States",CGDR,Bakersfield,GOOGLE
"93312, California, United States",CGDR,Bakersfield,GOOGLE
"93260, California, United States",CGDR,Bakersfield,GOOGLE
"93301, California, United States",CGDR,Bakersfield,GOOGLE
"93218, California, United States",CGDR,Bakersfield,GOOGLE
"93205, California, United States",CGDR,Bakersfield,GOOGLE
"93207, California, United States",CGDR,Bakersfield,GOOGLE
"93309, California, United States",CGDR,Bakersfield,GOOGLE
"93224, California, United States",CGDR,Bakersfield,GOOGLE
"93206, California, United States",CGDR,Bakersfield,GOOGLE
"93215, California, United States",CGDR,Bakersfield,GOOGLE
"93219, California, United States",CGDR,Bakersfield,GOOGLE
"93240, California, United States",CGDR,Bakersfield,GOOGLE
"93276, California, United States",CGDR,Bakersfield,GOOGLE
"93308, California, United States",CGDR,Bakersfield,GOOGLE
"93721, California, United States",CGDR,Fresno,GOOGLE
"93657, California, United States",CGDR,Fresno,GOOGLE
"93701, California, United States",CGDR,Fresno,GOOGLE
"93637, California, United States",CGDR,Fresno,GOOGLE
"93630, California, United States",CGDR,Fresno,GOOGLE
"93704, California, United States",CGDR,Fresno,GOOGLE
"93611, California, United States",CGDR,Fresno,GOOGLE
"93242, California, United States",CGDR,Fresno,GOOGLE
"93662, California, United States",CGDR,Fresno,GOOGLE
"93245, California, United States",CGDR,Fresno,GOOGLE
"93722, California, United States",CGDR,Fresno,GOOGLE
"93266, California, United States",CGDR,Fresno,GOOGLE
"93705, California, United States",CGDR,Fresno,GOOGLE
"93247, California, United States",CGDR,Fresno,GOOGLE
"93291, California, United States",CGDR,Fresno,GOOGLE
"93730, California, United States",CGDR,Fresno,GOOGLE
"93612, California, United States",CGDR,Fresno,GOOGLE
"93292, California, United States",CGDR,Fresno,GOOGLE
"93706, California, United States",CGDR,Fresno,GOOGLE
"93723, California, United States",CGDR,Fresno,GOOGLE
"93711, California, United States",CGDR,Fresno,GOOGLE
"93618, California, United States",CGDR,Fresno,GOOGLE
"93728, California, United States",CGDR,Fresno,GOOGLE
"93727, California, United States",CGDR,Fresno,GOOGLE
"95317, California, United States",CGDR,Fresno,GOOGLE
"93616, California, United States",CGDR,Fresno,GOOGLE
"93609, California, United States",CGDR,Fresno,GOOGLE
"93619, California, United States",CGDR,Fresno,GOOGLE
"93656, California, United States",CGDR,Fresno,GOOGLE
"93648, California, United States",CGDR,Fresno,GOOGLE
"93636, California, United States",CGDR,Fresno,GOOGLE
"93710, California, United States",CGDR,Fresno,GOOGLE
"93725, California, United States",CGDR,Fresno,GOOGLE
"93703, California, United States",CGDR,Fresno,GOOGLE
"93638, California, United States",CGDR,Fresno,GOOGLE
"93702, California, United States",CGDR,Fresno,GOOGLE
"93230, California, United States",CGDR,Fresno,GOOGLE
"93277, California, United States",CGDR,Fresno,GOOGLE
"93221, California, United States",CGDR,Fresno,GOOGLE
"93274, California, United States",CGDR,Fresno,GOOGLE
"93654, California, United States",CGDR,Fresno,GOOGLE
"95340, California, United States",CGDR,Fresno,GOOGLE
"95348, California, United States",CGDR,Fresno,GOOGLE
"93625, California, United States",CGDR,Fresno,GOOGLE
"93212, California, United States",CGDR,Fresno,GOOGLE
"93615, California, United States",CGDR,Fresno,GOOGLE
"93726, California, United States",CGDR,Fresno,GOOGLE
"93610, California, United States",CGDR,Fresno,GOOGLE
"93720, California, United States",CGDR,Fresno,GOOGLE
"95333, California, United States",CGDR,Fresno,GOOGLE
"93626, California, United States",CGDR,Fresno,GOOGLE
"93631, California, United States",CGDR,Fresno,GOOGLE
"93651, California, United States",CGDR,Fresno,GOOGLE
"93272, California, United States",CGDR,Fresno,GOOGLE
"95341, California, United States",CGDR,Fresno,GOOGLE
"95365, California, United States",CGDR,Fresno,GOOGLE
"93737, California, United States",CGDR,Fresno,GOOGLE
"95306, California, United States",CGDR,Fresno,GOOGLE
"93256, California, United States",CGDR,Fresno,GOOGLE
"93653, California, United States",CGDR,Fresno,GOOGLE
"93267, California, United States",CGDR,Fresno,GOOGLE
"93276, California, United States",CGDR,Fresno + Bakersfield,GOOGLE
"93260, California, United States",CGDR,Fresno + Bakersfield,GOOGLE
"93656, California, United States",CGDR,Fresno + Bakersfield,GOOGLE
"93625, California, United States",CGDR,Fresno + Bakersfield,GOOGLE
"93703, California, United States",CGDR,Fresno + Bakersfield,GOOGLE
"93207, California, United States",CGDR,Fresno + Bakersfield,GOOGLE
"93287, California, United States",CGDR,Fresno + Bakersfield,GOOGLE
"93309, California, United States",CGDR,Fresno + Bakersfield,GOOGLE
"93277, California, United States",CGDR,Fresno + Bakersfield,GOOGLE
"93285, California, United States",CGDR,Fresno + Bakersfield,GOOGLE
"93274, California, United States",CGDR,Fresno + Bakersfield,GOOGLE
"93311, California, United States",CGDR,Fresno + Bakersfield,GOOGLE
"93631, California, United States",CGDR,Fresno + Bakersfield,GOOGLE
"93721, California, United States",CGDR,Fresno + Bakersfield,GOOGLE
"93612, California, United States",CGDR,Fresno + Bakersfield,GOOGLE
"93212, California, United States",CGDR,Fresno + Bakersfield,GOOGLE
"93312, California, United States",CGDR,Fresno + Bakersfield,GOOGLE
"93241, California, United States",CGDR,Fresno + Bakersfield,GOOGLE
"93304, California, United States",CGDR,Fresno + Bakersfield,GOOGLE
"93615, California, United States",CGDR,Fresno + Bakersfield,GOOGLE
"93637, California, United States",CGDR,Fresno + Bakersfield,GOOGLE
"93242, California, United States",CGDR,Fresno + Bakersfield,GOOGLE
"93618, California, United States",CGDR,Fresno + Bakersfield,GOOGLE
"93308, California, United States",CGDR,Fresno + Bakersfield,GOOGLE
"93610, California, United States",CGDR,Fresno + Bakersfield,GOOGLE
"93301, California, United States",CGDR,Fresno + Bakersfield,GOOGLE
"93252, California, United States",CGDR,Fresno + Bakersfield,GOOGLE
"93266, California, United States",CGDR,Fresno + Bakersfield,GOOGLE
"93219, California, United States",CGDR,Fresno + Bakersfield,GOOGLE
"93220, California, United States",CGDR,Fresno + Bakersfield,GOOGLE
"93270, California, United States",CGDR,Fresno + Bakersfield,GOOGLE
"93267, California, United States",CGDR,Fresno + Bakersfield,GOOGLE
"93722, California, United States",CGDR,Fresno + Bakersfield,GOOGLE
"95341, California, United States",CGDR,Fresno + Bakersfield,GOOGLE
"93280, California, United States",CGDR,Fresno + Bakersfield,GOOGLE
"95340, California, United States",CGDR,Fresno + Bakersfield,GOOGLE
"93221, California, United States",CGDR,Fresno + Bakersfield,GOOGLE
"93215, California, United States",CGDR,Fresno + Bakersfield,GOOGLE
"93306, California, United States",CGDR,Fresno + Bakersfield,GOOGLE
"93272, California, United States",CGDR,Fresno + Bakersfield,GOOGLE
"93654, California, United States",CGDR,Fresno + Bakersfield,GOOGLE
"93657, California, United States",CGDR,Fresno + Bakersfield,GOOGLE
"93653, California, United States",CGDR,Fresno + Bakersfield,GOOGLE
"93725, California, United States",CGDR,Fresno + Bakersfield,GOOGLE
"93201, California, United States",CGDR,Fresno + Bakersfield,GOOGLE
"93720, California, United States",CGDR,Fresno + Bakersfield,GOOGLE
"95348, California, United States",CGDR,Fresno + Bakersfield,GOOGLE
"93630, California, United States",CGDR,Fresno + Bakersfield,GOOGLE
"93224, California, United States",CGDR,Fresno + Bakersfield,GOOGLE
"93609, California, United States",CGDR,Fresno + Bakersfield,GOOGLE
"93727, California, United States",CGDR,Fresno + Bakersfield,GOOGLE
"93313, California, United States",CGDR,Fresno + Bakersfield,GOOGLE
"93626, California, United States",CGDR,Fresno + Bakersfield,GOOGLE
"93651, California, United States",CGDR,Fresno + Bakersfield,GOOGLE
"93243, California, United States",CGDR,Fresno + Bakersfield,GOOGLE
"93726, California, United States",CGDR,Fresno + Bakersfield,GOOGLE
"93247, California, United States",CGDR,Fresno + Bakersfield,GOOGLE
"93702, California, United States",CGDR,Fresno + Bakersfield,GOOGLE
"93206, California, United States",CGDR,Fresno + Bakersfield,GOOGLE
"93710, California, United States",CGDR,Fresno + Bakersfield,GOOGLE
"93518, California, United States",CGDR,Fresno + Bakersfield,GOOGLE
"93531, California, United States",CGDR,Fresno + Bakersfield,GOOGLE
"93256, California, United States",CGDR,Fresno + Bakersfield,GOOGLE
"93730, California, United States",CGDR,Fresno + Bakersfield,GOOGLE
"93218, California, United States",CGDR,Fresno + Bakersfield,GOOGLE
"93636, California, United States",CGDR,Fresno + Bakersfield,GOOGLE
"93704, California, United States",CGDR,Fresno + Bakersfield,GOOGLE
"93616, California, United States",CGDR,Fresno + Bakersfield,GOOGLE
"93240, California, United States",CGDR,Fresno + Bakersfield,GOOGLE
"93711, California, United States",CGDR,Fresno + Bakersfield,GOOGLE
"93230, California, United States",CGDR,Fresno + Bakersfield,GOOGLE
"93305, California, United States",CGDR,Fresno + Bakersfield,GOOGLE
"93263, California, United States",CGDR,Fresno + Bakersfield,GOOGLE
"93292, California, United States",CGDR,Fresno + Bakersfield,GOOGLE
"93314, California, United States",CGDR,Fresno + Bakersfield,GOOGLE
"93662, California, United States",CGDR,Fresno + Bakersfield,GOOGLE
"93737, California, United States",CGDR,Fresno + Bakersfield,GOOGLE
"93706, California, United States",CGDR,Fresno + Bakersfield,GOOGLE
"93226, California, United States",CGDR,Fresno + Bakersfield,GOOGLE
"93245, California, United States",CGDR,Fresno + Bakersfield,GOOGLE
"93250, California, United States",CGDR,Fresno + Bakersfield,GOOGLE
"93701, California, United States",CGDR,Fresno + Bakersfield,GOOGLE
"93561, California, United States",CGDR,Fresno + Bakersfield,GOOGLE
"95317, California, United States",CGDR,Fresno + Bakersfield,GOOGLE
"95306, California, United States",CGDR,Fresno + Bakersfield,GOOGLE
"93203, California, United States",CGDR,Fresno + Bakersfield,GOOGLE
"93723, California, United States",CGDR,Fresno + Bakersfield,GOOGLE
"93619, California, United States",CGDR,Fresno + Bakersfield,GOOGLE
"93205, California, United States",CGDR,Fresno + Bakersfield,GOOGLE
"93291, California, United States",CGDR,Fresno + Bakersfield,GOOGLE
"93307, California, United States",CGDR,Fresno + Bakersfield,GOOGLE
"93648, California, United States",CGDR,Fresno + Bakersfield,GOOGLE
"95365, California, United States",CGDR,Fresno + Bakersfield,GOOGLE
"93611, California, United States",CGDR,Fresno + Bakersfield,GOOGLE
"93225, California, United States",CGDR,Fresno + Bakersfield,GOOGLE
"93268, California, United States",CGDR,Fresno + Bakersfield,GOOGLE
"93257, California, United States",CGDR,Fresno + Bakersfield,GOOGLE
"95333, California, United States",CGDR,Fresno + Bakersfield,GOOGLE
"93728, California, United States",CGDR,Fresno + Bakersfield,GOOGLE
"93638, California, United States",CGDR,Fresno + Bakersfield,GOOGLE
"93251, California, United States",CGDR,Fresno + Bakersfield,GOOGLE
"93705, California, United States",CGDR,Fresno + Bakersfield,GOOGLE
"92377, California, United States",CGDR,Los Angeles,GOOGLE
"90660, California, United States",CGDR,Los Angeles,GOOGLE
"90807, California, United States",CGDR,Los Angeles,GOOGLE
"91201, California, United States",CGDR,Los Angeles,GOOGLE
"92591, California, United States",CGDR,Los Angeles,GOOGLE
"92865, California, United States",CGDR,Los Angeles,GOOGLE
"92356, California, United States",CGDR,Los Angeles,GOOGLE
"91360, California, United States",CGDR,Los Angeles,GOOGLE
"92335, California, United States",CGDR,Los Angeles,GOOGLE
"92648, California, United States",CGDR,Los Angeles,GOOGLE
"91762, California, United States",CGDR,Los Angeles,GOOGLE
"91367, California, United States",CGDR,Los Angeles,GOOGLE
"90062, California, United States",CGDR,Los Angeles,GOOGLE
"92236, California, United States",CGDR,Los Angeles,GOOGLE
"90059, California, United States",CGDR,Los Angeles,GOOGLE
"90038, California, United States",CGDR,Los Angeles,GOOGLE
"92399, California, United States",CGDR,Los Angeles,GOOGLE
"93117, California, United States",CGDR,Los Angeles,GOOGLE
"92701, California, United States",CGDR,Los Angeles,GOOGLE
"92604, California, United States",CGDR,Los Angeles,GOOGLE
"93510, California, United States",CGDR,Los Angeles,GOOGLE
"92675, California, United States",CGDR,Los Angeles,GOOGLE
"90503, California, United States",CGDR,Los Angeles,GOOGLE
"91792, California, United States",CGDR,Los Angeles,GOOGLE
"92518, California, United States",CGDR,Los Angeles,GOOGLE
"92313, California, United States",CGDR,Los Angeles,GOOGLE
"90230, California, United States",CGDR,Los Angeles,GOOGLE
"92211, California, United States",CGDR,Los Angeles,GOOGLE
"91737, California, United States",CGDR,Los Angeles,GOOGLE
"90249, California, United States",CGDR,Los Angeles,GOOGLE
"90601, California, United States",CGDR,Los Angeles,GOOGLE
"91607, California, United States",CGDR,Los Angeles,GOOGLE
"91708, California, United States",CGDR,Los Angeles,GOOGLE
"91007, California, United States",CGDR,Los Angeles,GOOGLE
"92676, California, United States",CGDR,Los Angeles,GOOGLE
"92677, California, United States",CGDR,Los Angeles,GOOGLE
"93551, California, United States",CGDR,Los Angeles,GOOGLE
"92625, California, United States",CGDR,Los Angeles,GOOGLE
"90505, California, United States",CGDR,Los Angeles,GOOGLE
"91791, California, United States",CGDR,Los Angeles,GOOGLE
"92618, California, United States",CGDR,Los Angeles,GOOGLE
"91324, California, United States",CGDR,Los Angeles,GOOGLE
"91403, California, United States",CGDR,Los Angeles,GOOGLE
"92782, California, United States",CGDR,Los Angeles,GOOGLE
"90703, California, United States",CGDR,Los Angeles,GOOGLE
"91106, California, United States",CGDR,Los Angeles,GOOGLE
"92506, California, United States",CGDR,Los Angeles,GOOGLE
"92586, California, United States",CGDR,Los Angeles,GOOGLE
"90745, California, United States",CGDR,Los Angeles,GOOGLE
"91744, California, United States",CGDR,Los Angeles,GOOGLE
"91303, California, United States",CGDR,Los Angeles,GOOGLE
"90040, California, United States",CGDR,Los Angeles,GOOGLE
"92821, California, United States",CGDR,Los Angeles,GOOGLE
"90746, California, United States",CGDR,Los Angeles,GOOGLE
"92284, California, United States",CGDR,Los Angeles,GOOGLE
"90301, California, United States",CGDR,Los Angeles,GOOGLE
"92501, California, United States",CGDR,Los Angeles,GOOGLE
"92201, California, United States",CGDR,Los Angeles,GOOGLE
"92886, California, United States",CGDR,Los Angeles,GOOGLE
"90045, California, United States",CGDR,Los Angeles,GOOGLE
"92504, California, United States",CGDR,Los Angeles,GOOGLE
"92392, California, United States",CGDR,Los Angeles,GOOGLE
"93534, California, United States",CGDR,Los Angeles,GOOGLE
"90715, California, United States",CGDR,Los Angeles,GOOGLE
"90630, California, United States",CGDR,Los Angeles,GOOGLE
"92301, California, United States",CGDR,Los Angeles,GOOGLE
"92408, California, United States",CGDR,Los Angeles,GOOGLE
"92503, California, United States",CGDR,Los Angeles,GOOGLE
"92567, California, United States",CGDR,Los Angeles,GOOGLE
"92587, California, United States",CGDR,Los Angeles,GOOGLE
"91311, California, United States",CGDR,Los Angeles,GOOGLE
"90605, California, United States",CGDR,Los Angeles,GOOGLE
"92532, California, United States",CGDR,Los Angeles,GOOGLE
"90701, California, United States",CGDR,Los Angeles,GOOGLE
"91505, California, United States",CGDR,Los Angeles,GOOGLE
"90049, California, United States",CGDR,Los Angeles,GOOGLE
"90039, California, United States",CGDR,Los Angeles,GOOGLE
"91506, California, United States",CGDR,Los Angeles,GOOGLE
"91401, California, United States",CGDR,Los Angeles,GOOGLE
"90602, California, United States",CGDR,Los Angeles,GOOGLE
"92802, California, United States",CGDR,Los Angeles,GOOGLE
"92651, California, United States",CGDR,Los Angeles,GOOGLE
"90232, California, United States",CGDR,Los Angeles,GOOGLE
"90019, California, United States",CGDR,Los Angeles,GOOGLE
"92270, California, United States",CGDR,Los Angeles,GOOGLE
"93010, California, United States",CGDR,Los Angeles,GOOGLE
"90504, California, United States",CGDR,Los Angeles,GOOGLE
"91764, California, United States",CGDR,Los Angeles,GOOGLE
"91207, California, United States",CGDR,Los Angeles,GOOGLE
"92336, California, United States",CGDR,Los Angeles,GOOGLE
"90278, California, United States",CGDR,Los Angeles,GOOGLE
"92241, California, United States",CGDR,Los Angeles,GOOGLE
"92551, California, United States",CGDR,Los Angeles,GOOGLE
"92337, California, United States",CGDR,Los Angeles,GOOGLE
"92845, California, United States",CGDR,Los Angeles,GOOGLE
"93030, California, United States",CGDR,Los Angeles,GOOGLE
"92240, California, United States",CGDR,Los Angeles,GOOGLE
"90603, California, United States",CGDR,Los Angeles,GOOGLE
"92603, California, United States",CGDR,Los Angeles,GOOGLE
"91384, California, United States",CGDR,Los Angeles,GOOGLE
"90731, California, United States",CGDR,Los Angeles,GOOGLE
"92840, California, United States",CGDR,Los Angeles,GOOGLE
"90277, California, United States",CGDR,Los Angeles,GOOGLE
"90815, California, United States",CGDR,Los Angeles,GOOGLE
"90032, California, United States",CGDR,Los Angeles,GOOGLE
"92663, California, United States",CGDR,Los Angeles,GOOGLE
"90043, California, United States",CGDR,Los Angeles,GOOGLE
"90304, California, United States",CGDR,Los Angeles,GOOGLE
"91103, California, United States",CGDR,Los Angeles,GOOGLE
"91501, California, United States",CGDR,Los Angeles,GOOGLE
"92646, California, United States",CGDR,Los Angeles,GOOGLE
"91801, California, United States",CGDR,Los Angeles,GOOGLE
"92653, California, United States",CGDR,Los Angeles,GOOGLE
"90403, California, United States",CGDR,Los Angeles,GOOGLE
"92694, California, United States",CGDR,Los Angeles,GOOGLE
"90036, California, United States",CGDR,Los Angeles,GOOGLE
"91205, California, United States",CGDR,Los Angeles,GOOGLE
"90004, California, United States",CGDR,Los Angeles,GOOGLE
"91361, California, United States",CGDR,Los Angeles,GOOGLE
"93065, California, United States",CGDR,Los Angeles,GOOGLE
"90069, California, United States",CGDR,Los Angeles,GOOGLE
"91030, California, United States",CGDR,Los Angeles,GOOGLE
"92691, California, United States",CGDR,Los Angeles,GOOGLE
"92832, California, United States",CGDR,Los Angeles,GOOGLE
"92530, California, United States",CGDR,Los Angeles,GOOGLE
"90012, California, United States",CGDR,Los Angeles,GOOGLE
"93063, California, United States",CGDR,Los Angeles,GOOGLE
"92879, California, United States",CGDR,Los Angeles,GOOGLE
"91601, California, United States",CGDR,Los Angeles,GOOGLE
"90247, California, United States",CGDR,Los Angeles,GOOGLE
"91214, California, United States",CGDR,Los Angeles,GOOGLE
"91723, California, United States",CGDR,Los Angeles,GOOGLE
"90275, California, United States",CGDR,Los Angeles,GOOGLE
"92320, California, United States",CGDR,Los Angeles,GOOGLE
"90026, California, United States",CGDR,Los Angeles,GOOGLE
"90006, California, United States",CGDR,Los Angeles,GOOGLE
"90732, California, United States",CGDR,Los Angeles,GOOGLE
"91362, California, United States",CGDR,Los Angeles,GOOGLE
"91010, California, United States",CGDR,Los Angeles,GOOGLE
"92780, California, United States",CGDR,Los Angeles,GOOGLE
"91335, California, United States",CGDR,Los Angeles,GOOGLE
"93552, California, United States",CGDR,Los Angeles,GOOGLE
"92407, California, United States",CGDR,Los Angeles,GOOGLE
"92410, California, United States",CGDR,Los Angeles,GOOGLE
"92688, California, United States",CGDR,Los Angeles,GOOGLE
"92835, California, United States",CGDR,Los Angeles,GOOGLE
"90025, California, United States",CGDR,Los Angeles,GOOGLE
"90723, California, United States",CGDR,Los Angeles,GOOGLE
"92505, California, United States",CGDR,Los Angeles,GOOGLE
"90015, California, United States",CGDR,Los Angeles,GOOGLE
"91711, California, United States",CGDR,Los Angeles,GOOGLE
"91761, California, United States",CGDR,Los Angeles,GOOGLE
"92592, California, United States",CGDR,Los Angeles,GOOGLE
"90016, California, United States",CGDR,Los Angeles,GOOGLE
"90744, California, United States",CGDR,Los Angeles,GOOGLE
"91016, California, United States",CGDR,Los Angeles,GOOGLE
"90029, California, United States",CGDR,Los Angeles,GOOGLE
"90020, California, United States",CGDR,Los Angeles,GOOGLE
"90061, California, United States",CGDR,Los Angeles,GOOGLE
"91331, California, United States",CGDR,Los Angeles,GOOGLE
"90810, California, United States",CGDR,Los Angeles,GOOGLE
"90028, California, United States",CGDR,Los Angeles,GOOGLE
"92557, California, United States",CGDR,Los Angeles,GOOGLE
"92866, California, United States",CGDR,Los Angeles,GOOGLE
"90042, California, United States",CGDR,Los Angeles,GOOGLE
"92661, California, United States",CGDR,Los Angeles,GOOGLE
"90802, California, United States",CGDR,Los Angeles,GOOGLE
"93041, California, United States",CGDR,Los Angeles,GOOGLE
"90262, California, United States",CGDR,Los Angeles,GOOGLE
"92612, California, United States",CGDR,Los Angeles,GOOGLE
"90018, California, United States",CGDR,Los Angeles,GOOGLE
"91350, California, United States",CGDR,Los Angeles,GOOGLE
"91351, California, United States",CGDR,Los Angeles,GOOGLE
"92411, California, United States",CGDR,Los Angeles,GOOGLE
"92584, California, United States",CGDR,Los Angeles,GOOGLE
"93033, California, United States",CGDR,Los Angeles,GOOGLE
"91352, California, United States",CGDR,Los Angeles,GOOGLE
"92801, California, United States",CGDR,Los Angeles,GOOGLE
"90047, California, United States",CGDR,Los Angeles,GOOGLE
"93015, California, United States",CGDR,Los Angeles,GOOGLE
"92253, California, United States",CGDR,Los Angeles,GOOGLE
"90034, California, United States",CGDR,Los Angeles,GOOGLE
"90720, California, United States",CGDR,Los Angeles,GOOGLE
"91739, California, United States",CGDR,Los Angeles,GOOGLE
"91745, California, United States",CGDR,Los Angeles,GOOGLE
"92374, California, United States",CGDR,Los Angeles,GOOGLE
"91344, California, United States",CGDR,Los Angeles,GOOGLE
"92571, California, United States",CGDR,Los Angeles,GOOGLE
"90713, California, United States",CGDR,Los Angeles,GOOGLE
"92869, California, United States",CGDR,Los Angeles,GOOGLE
"91741, California, United States",CGDR,Los Angeles,GOOGLE
"92705, California, United States",CGDR,Los Angeles,GOOGLE
"93035, California, United States",CGDR,Los Angeles,GOOGLE
"92880, California, United States",CGDR,Los Angeles,GOOGLE
"90007, California, United States",CGDR,Los Angeles,GOOGLE
"92344, California, United States",CGDR,Los Angeles,GOOGLE
"91302, California, United States",CGDR,Los Angeles,GOOGLE
"92582, California, United States",CGDR,Los Angeles,GOOGLE
"92311, California, United States",CGDR,Los Angeles,GOOGLE
"90242, California, United States",CGDR,Los Angeles,GOOGLE
"92509, California, United States",CGDR,Los Angeles,GOOGLE
"92626, California, United States",CGDR,Los Angeles,GOOGLE
"91773, California, United States",CGDR,Los Angeles,GOOGLE
"92660, California, United States",CGDR,Los Angeles,GOOGLE
"90740, California, United States",CGDR,Los Angeles,GOOGLE
"90803, California, United States",CGDR,Los Angeles,GOOGLE
"91326, California, United States",CGDR,Los Angeles,GOOGLE
"91354, California, United States",CGDR,Los Angeles,GOOGLE
"92881, California, United States",CGDR,Los Angeles,GOOGLE
"92234, California, United States",CGDR,Los Angeles,GOOGLE
"92333, California, United States",CGDR,Los Angeles,GOOGLE
"92841, California, United States",CGDR,Los Angeles,GOOGLE
"92354, California, United States",CGDR,Los Angeles,GOOGLE
"91411, California, United States",CGDR,Los Angeles,GOOGLE
"90302, California, United States",CGDR,Los Angeles,GOOGLE
"90274, California, United States",CGDR,Los Angeles,GOOGLE
"90650, California, United States",CGDR,Los Angeles,GOOGLE
"93103, California, United States",CGDR,Los Angeles,GOOGLE
"92507, California, United States",CGDR,Los Angeles,GOOGLE
"92887, California, United States",CGDR,Los Angeles,GOOGLE
"92637, California, United States",CGDR,Los Angeles,GOOGLE
"91776, California, United States",CGDR,Los Angeles,GOOGLE
"91342, California, United States",CGDR,Los Angeles,GOOGLE
"90240, California, United States",CGDR,Los Angeles,GOOGLE
"90248, California, United States",CGDR,Los Angeles,GOOGLE
"90255, California, United States",CGDR,Los Angeles,GOOGLE
"92610, California, United States",CGDR,Los Angeles,GOOGLE
"91750, California, United States",CGDR,Los Angeles,GOOGLE
"92704, California, United States",CGDR,Los Angeles,GOOGLE
"92553, California, United States",CGDR,Los Angeles,GOOGLE
"91766, California, United States",CGDR,Los Angeles,GOOGLE
"91732, California, United States",CGDR,Los Angeles,GOOGLE
"92692, California, United States",CGDR,Los Angeles,GOOGLE
"92395, California, United States",CGDR,Los Angeles,GOOGLE
"90813, California, United States",CGDR,Los Angeles,GOOGLE
"92706, California, United States",CGDR,Los Angeles,GOOGLE
"91040, California, United States",CGDR,Los Angeles,GOOGLE
"90022, California, United States",CGDR,Los Angeles,GOOGLE
"93003, California, United States",CGDR,Los Angeles,GOOGLE
"90002, California, United States",CGDR,Los Angeles,GOOGLE
"91768, California, United States",CGDR,Los Angeles,GOOGLE
"93012, California, United States",CGDR,Los Angeles,GOOGLE
"92868, California, United States",CGDR,Los Angeles,GOOGLE
"91605, California, United States",CGDR,Los Angeles,GOOGLE
"91325, California, United States",CGDR,Los Angeles,GOOGLE
"90008, California, United States",CGDR,Los Angeles,GOOGLE
"92656, California, United States",CGDR,Los Angeles,GOOGLE
"91006, California, United States",CGDR,Los Angeles,GOOGLE
"90804, California, United States",CGDR,Los Angeles,GOOGLE
"90035, California, United States",CGDR,Los Angeles,GOOGLE
"93536, California, United States",CGDR,Los Angeles,GOOGLE
"92833, California, United States",CGDR,Los Angeles,GOOGLE
"91763, California, United States",CGDR,Los Angeles,GOOGLE
"90068, California, United States",CGDR,Los Angeles,GOOGLE
"90805, California, United States",CGDR,Los Angeles,GOOGLE
"90808, California, United States",CGDR,Los Angeles,GOOGLE
"92683, California, United States",CGDR,Los Angeles,GOOGLE
"92630, California, United States",CGDR,Los Angeles,GOOGLE
"91767, California, United States",CGDR,Los Angeles,GOOGLE
"93108, California, United States",CGDR,Los Angeles,GOOGLE
"90638, California, United States",CGDR,Los Angeles,GOOGLE
"92405, California, United States",CGDR,Los Angeles,GOOGLE
"92596, California, United States",CGDR,Los Angeles,GOOGLE
"90003, California, United States",CGDR,Los Angeles,GOOGLE
"91502, California, United States",CGDR,Los Angeles,GOOGLE
"91752, California, United States",CGDR,Los Angeles,GOOGLE
"93066, California, United States",CGDR,Los Angeles,GOOGLE
"90402, California, United States",CGDR,Los Angeles,GOOGLE
"92543, California, United States",CGDR,Los Angeles,GOOGLE
"92627, California, United States",CGDR,Los Angeles,GOOGLE
"92563, California, United States",CGDR,Los Angeles,GOOGLE
"93550, California, United States",CGDR,Los Angeles,GOOGLE
"93110, California, United States",CGDR,Los Angeles,GOOGLE
"90717, California, United States",CGDR,Los Angeles,GOOGLE
"92325, California, United States",CGDR,Los Angeles,GOOGLE
"90606, California, United States",CGDR,Los Angeles,GOOGLE
"91381, California, United States",CGDR,Los Angeles,GOOGLE
"90041, California, United States",CGDR,Los Angeles,GOOGLE
"91765, California, United States",CGDR,Los Angeles,GOOGLE
"91406, California, United States",CGDR,Los Angeles,GOOGLE
"90680, California, United States",CGDR,Los Angeles,GOOGLE
"92394, California, United States",CGDR,Los Angeles,GOOGLE
"93023, California, United States",CGDR,Los Angeles,GOOGLE
"92203, California, United States",CGDR,Los Angeles,GOOGLE
"92807, California, United States",CGDR,Los Angeles,GOOGLE
"92544, California, United States",CGDR,Los Angeles,GOOGLE
"90621, California, United States",CGDR,Los Angeles,GOOGLE
"91320, California, United States",CGDR,Los Angeles,GOOGLE
"90024, California, United States",CGDR,Los Angeles,GOOGLE
"90065, California, United States",CGDR,Los Angeles,GOOGLE
"90027, California, United States",CGDR,Los Angeles,GOOGLE
"91306, California, United States",CGDR,Los Angeles,GOOGLE
"90033, California, United States",CGDR,Los Angeles,GOOGLE
"92708, California, United States",CGDR,Los Angeles,GOOGLE
"92545, California, United States",CGDR,Los Angeles,GOOGLE
"92345, California, United States",CGDR,Los Angeles,GOOGLE
"90631, California, United States",CGDR,Los Angeles,GOOGLE
"93535, California, United States",CGDR,Los Angeles,GOOGLE
"92324, California, United States",CGDR,Los Angeles,GOOGLE
"90620, California, United States",CGDR,Los Angeles,GOOGLE
"92673, California, United States",CGDR,Los Angeles,GOOGLE
"92882, California, United States",CGDR,Los Angeles,GOOGLE
"91748, California, United States",CGDR,Los Angeles,GOOGLE
"90044, California, United States",CGDR,Los Angeles,GOOGLE
"92805, California, United States",CGDR,Los Angeles,GOOGLE
"92883, California, United States",CGDR,Los Angeles,GOOGLE
"92308, California, United States",CGDR,Los Angeles,GOOGLE
"91710, California, United States",CGDR,Los Angeles,GOOGLE
"93021, California, United States",CGDR,Los Angeles,GOOGLE
"90265, California, United States",CGDR,Los Angeles,GOOGLE
"91770, California, United States",CGDR,Los Angeles,GOOGLE
"92210, California, United States",CGDR,Los Angeles,GOOGLE
"92804, California, United States",CGDR,Los Angeles,GOOGLE
"91387, California, United States",CGDR,Los Angeles,GOOGLE
"92806, California, United States",CGDR,Los Angeles,GOOGLE
"91316, California, United States",CGDR,Los Angeles,GOOGLE
"90401, California, United States",CGDR,Los Angeles,GOOGLE
"93101, California, United States",CGDR,Los Angeles,GOOGLE
"91042, California, United States",CGDR,Los Angeles,GOOGLE
"92647, California, United States",CGDR,Los Angeles,GOOGLE
"91402, California, United States",CGDR,Los Angeles,GOOGLE
"92860, California, United States",CGDR,Los Angeles,GOOGLE
"91780, California, United States",CGDR,Los Angeles,GOOGLE
"91301, California, United States",CGDR,Los Angeles,GOOGLE
"91724, California, United States",CGDR,Los Angeles,GOOGLE
"92371, California, United States",CGDR,Los Angeles,GOOGLE
"90501, California, United States",CGDR,Los Angeles,GOOGLE
"93543, California, United States",CGDR,Los Angeles,GOOGLE
"90031, California, United States",CGDR,Los Angeles,GOOGLE
"90670, California, United States",CGDR,Los Angeles,GOOGLE
"92679, California, United States",CGDR,Los Angeles,GOOGLE
"90303, California, United States",CGDR,Los Angeles,GOOGLE
"90220, California, United States",CGDR,Los Angeles,GOOGLE
"91790, California, United States",CGDR,Los Angeles,GOOGLE
"91604, California, United States",CGDR,Los Angeles,GOOGLE
"92620, California, United States",CGDR,Los Angeles,GOOGLE
"92614, California, United States",CGDR,Los Angeles,GOOGLE
"91343, California, United States",CGDR,Los Angeles,GOOGLE
"90293, California, United States",CGDR,Los Angeles,GOOGLE
"90222, California, United States",CGDR,Los Angeles,GOOGLE
"91706, California, United States",CGDR,Los Angeles,GOOGLE
"91208, California, United States",CGDR,Los Angeles,GOOGLE
"93013, California, United States",CGDR,Los Angeles,GOOGLE
"92307, California, United States",CGDR,Los Angeles,GOOGLE
"92220, California, United States",CGDR,Los Angeles,GOOGLE
"90280, California, United States",CGDR,Los Angeles,GOOGLE
"91789, California, United States",CGDR,Los Angeles,GOOGLE
"93109, California, United States",CGDR,Los Angeles,GOOGLE
"93001, California, United States",CGDR,Los Angeles,GOOGLE
"92262, California, United States",CGDR,Los Angeles,GOOGLE
"93544, California, United States",CGDR,Los Angeles,GOOGLE
"90270, California, United States",CGDR,Los Angeles,GOOGLE
"92561, California, United States",CGDR,Los Angeles,GOOGLE
"90291, California, United States",CGDR,Los Angeles,GOOGLE
"90623, California, United States",CGDR,Los Angeles,GOOGLE
"91722, California, United States",CGDR,Los Angeles,GOOGLE
"90201, California, United States",CGDR,Los Angeles,GOOGLE
"92583, California, United States",CGDR,Los Angeles,GOOGLE
"92870, California, United States",CGDR,Los Angeles,GOOGLE
"92274, California, United States",CGDR,Los Angeles,GOOGLE
"92672, California, United States",CGDR,Los Angeles,GOOGLE
"91786, California, United States",CGDR,Los Angeles,GOOGLE
"92844, California, United States",CGDR,Los Angeles,GOOGLE
"90058, California, United States",CGDR,Los Angeles,GOOGLE
"92590, California, United States",CGDR,Los Angeles,GOOGLE
"91206, California, United States",CGDR,Los Angeles,GOOGLE
"91755, California, United States",CGDR,Los Angeles,GOOGLE
"92276, California, United States",CGDR,Los Angeles,GOOGLE
"92404, California, United States",CGDR,Los Angeles,GOOGLE
"91377, California, United States",CGDR,Los Angeles,GOOGLE
"92585, California, United States",CGDR,Los Angeles,GOOGLE
"90640, California, United States",CGDR,Los Angeles,GOOGLE
"93553, California, United States",CGDR,Los Angeles,GOOGLE
"90241, California, United States",CGDR,Los Angeles,GOOGLE
"90290, California, United States",CGDR,Los Angeles,GOOGLE
"91011, California, United States",CGDR,Los Angeles,GOOGLE
"91701, California, United States",CGDR,Los Angeles,GOOGLE
"90023, California, United States",CGDR,Los Angeles,GOOGLE
"92368, California, United States",CGDR,Los Angeles,GOOGLE
"90250, California, United States",CGDR,Los Angeles,GOOGLE
"90712, California, United States",CGDR,Los Angeles,GOOGLE
"92562, California, United States",CGDR,Los Angeles,GOOGLE
"91709, California, United States",CGDR,Los Angeles,GOOGLE
"93060, California, United States",CGDR,Los Angeles,GOOGLE
"92316, California, United States",CGDR,Los Angeles,GOOGLE
"93105, California, United States",CGDR,Los Angeles,GOOGLE
"92606, California, United States",CGDR,Los Angeles,GOOGLE
"91304, California, United States",CGDR,Los Angeles,GOOGLE
"91730, California, United States",CGDR,Los Angeles,GOOGLE
"92508, California, United States",CGDR,Los Angeles,GOOGLE
"93036, California, United States",CGDR,Los Angeles,GOOGLE
"91390, California, United States",CGDR,Los Angeles,GOOGLE
"91602, California, United States",CGDR,Los Angeles,GOOGLE
"91345, California, United States",CGDR,Los Angeles,GOOGLE
"91504, California, United States",CGDR,Los Angeles,GOOGLE
"92342, California, United States",CGDR,Los Angeles,GOOGLE
"92831, California, United States",CGDR,Los Angeles,GOOGLE
"92867, California, United States",CGDR,Los Angeles,GOOGLE
"90404, California, United States",CGDR,Los Angeles,GOOGLE
"92808, California, United States",CGDR,Los Angeles,GOOGLE
"91423, California, United States",CGDR,Los Angeles,GOOGLE
"91731, California, United States",CGDR,Los Angeles,GOOGLE
"92707, California, United States",CGDR,Los Angeles,GOOGLE
"91202, California, United States",CGDR,Los Angeles,GOOGLE
"90305, California, United States",CGDR,Los Angeles,GOOGLE
"93111, California, United States",CGDR,Los Angeles,GOOGLE
"90221, California, United States",CGDR,Los Angeles,GOOGLE
"92843, California, United States",CGDR,Los Angeles,GOOGLE
"92346, California, United States",CGDR,Los Angeles,GOOGLE
"90046, California, United States",CGDR,Los Angeles,GOOGLE
"92252, California, United States",CGDR,Los Angeles,GOOGLE
"91001, California, United States",CGDR,Los Angeles,GOOGLE
"92549, California, United States",CGDR,Los Angeles,GOOGLE
"91775, California, United States",CGDR,Los Angeles,GOOGLE
"90011, California, United States",CGDR,Los Angeles,GOOGLE
"91733, California, United States",CGDR,Los Angeles,GOOGLE
"92555, California, United States",CGDR,Los Angeles,GOOGLE
"92315, California, United States",CGDR,Los Angeles,GOOGLE
"91405, California, United States",CGDR,Los Angeles,GOOGLE
"90706, California, United States",CGDR,Los Angeles,GOOGLE
"90021, California, United States",CGDR,Los Angeles,GOOGLE
"92595, California, United States",CGDR,Los Angeles,GOOGLE
"91008, California, United States",CGDR,Los Angeles,GOOGLE
"90292, California, United States",CGDR,Los Angeles,GOOGLE
"92398, California, United States",CGDR,Los Angeles,GOOGLE
"91436, California, United States",CGDR,Los Angeles,GOOGLE
"90001, California, United States",CGDR,Los Angeles,GOOGLE
"90755, California, United States",CGDR,Los Angeles,GOOGLE
"91101, California, United States",CGDR,Los Angeles,GOOGLE
"92548, California, United States",CGDR,Los Angeles,GOOGLE
"91307, California, United States",CGDR,Los Angeles,GOOGLE
"91108, California, United States",CGDR,Los Angeles,GOOGLE
"90210, California, United States",CGDR,Los Angeles,GOOGLE
"92861, California, United States",CGDR,Los Angeles,GOOGLE
"91746, California, United States",CGDR,Los Angeles,GOOGLE
"92264, California, United States",CGDR,Los Angeles,GOOGLE
"92314, California, United States",CGDR,Los Angeles,GOOGLE
"90806, California, United States",CGDR,Los Angeles,GOOGLE
"91803, California, United States",CGDR,Los Angeles,GOOGLE
"92376, California, United States",CGDR,Los Angeles,GOOGLE
"93004, California, United States",CGDR,Los Angeles,GOOGLE
"91754, California, United States",CGDR,Los Angeles,GOOGLE
"92570, California, United States",CGDR,Los Angeles,GOOGLE
"91702, California, United States",CGDR,Los Angeles,GOOGLE
"90037, California, United States",CGDR,Los Angeles,GOOGLE
"92657, California, United States",CGDR,Los Angeles,GOOGLE
"91321, California, United States",CGDR,Los Angeles,GOOGLE
"90245, California, United States",CGDR,Los Angeles,GOOGLE
"90066, California, United States",CGDR,Los Angeles,GOOGLE
"92536, California, United States",CGDR,Los Angeles,GOOGLE
"91105, California, United States",CGDR,Los Angeles,GOOGLE
"90077, California, United States",CGDR,Los Angeles,GOOGLE
"90502, California, United States",CGDR,Los Angeles,GOOGLE
"93460, California, United States",CGDR,Los Angeles,GOOGLE
"91356, California, United States",CGDR,Los Angeles,GOOGLE
"91104, California, United States",CGDR,Los Angeles,GOOGLE
"92617, California, United States",CGDR,Los Angeles,GOOGLE
"92230, California, United States",CGDR,Los Angeles,GOOGLE
"92260, California, United States",CGDR,Los Angeles,GOOGLE
"90260, California, United States",CGDR,Los Angeles,GOOGLE
"90254, California, United States",CGDR,Los Angeles,GOOGLE
"92352, California, United States",CGDR,Los Angeles,GOOGLE
"90048, California, United States",CGDR,Los Angeles,GOOGLE
"91340, California, United States",CGDR,Los Angeles,GOOGLE
"90272, California, United States",CGDR,Los Angeles,GOOGLE
"90814, California, United States",CGDR,Los Angeles,GOOGLE
"91364, California, United States",CGDR,Los Angeles,GOOGLE
"92223, California, United States",CGDR,Los Angeles,GOOGLE
"91606, California, United States",CGDR,Los Angeles,GOOGLE
"92624, California, United States",CGDR,Los Angeles,GOOGLE
"92629, California, United States",CGDR,Los Angeles,GOOGLE
"90064, California, United States",CGDR,Los Angeles,GOOGLE
"92703, California, United States",CGDR,Los Angeles,GOOGLE
"92823, California, United States",CGDR,Los Angeles,GOOGLE
"92282, California, United States",CGDR,Los Angeles,GOOGLE
"91107, California, United States",CGDR,Los Angeles,GOOGLE
"92602, California, United States",CGDR,Los Angeles,GOOGLE
"91024, California, United States",CGDR,Los Angeles,GOOGLE
"92373, California, United States",CGDR,Los Angeles,GOOGLE
"93591, California, United States",CGDR,Los Angeles,GOOGLE
"93022, California, United States",CGDR,Los Angeles,GOOGLE
"92649, California, United States",CGDR,Los Angeles,GOOGLE
"90604, California, United States",CGDR,Los Angeles,GOOGLE
"91355, California, United States",CGDR,Los Angeles,GOOGLE
"92539, California, United States",CGDR,Los Angeles,GOOGLE
"90266, California, United States",CGDR,Los Angeles,GOOGLE
"90405, California, United States",CGDR,Los Angeles,GOOGLE
"91784, California, United States",CGDR,Los Angeles,GOOGLE
"91020, California, United States",CGDR,Los Angeles,GOOGLE
"93043, California, United States",CGDR,Los Angeles,GOOGLE
"92268, California, United States",CGDR,Los Angeles,GOOGLE
"92397, California, United States",CGDR,Los Angeles,GOOGLE
"91759, California, United States",CGDR,Los Angeles,GOOGLE
"90094, California, United States",CGDR,Los Angeles,GOOGLE
"90057, California, United States",CGDR,Los Angeles,GOOGLE
"92305, California, United States",CGDR,Los Angeles,GOOGLE
"92378, California, United States",CGDR,Los Angeles,GOOGLE
"92415, California, United States",CGDR,Los Angeles,GOOGLE
"93042, California, United States",CGDR,Los Angeles,GOOGLE
"90089, California, United States",CGDR,Los Angeles,GOOGLE
"90710, California, United States",CGDR,Los Angeles,GOOGLE
"93252, California, United States",CGDR,Los Angeles,GOOGLE
"91204, California, United States",CGDR,Los Angeles,GOOGLE
"90212, California, United States",CGDR,Los Angeles,GOOGLE
"92341, California, United States",CGDR,Los Angeles,GOOGLE
"92256, California, United States",CGDR,Los Angeles,GOOGLE
"90506, California, United States",CGDR,Los Angeles,GOOGLE
"90063, California, United States",CGDR,Los Angeles,GOOGLE
"92321, California, United States",CGDR,Los Angeles,GOOGLE
"90211, California, United States",CGDR,Los Angeles,GOOGLE
"90067, California, United States",CGDR,Los Angeles,GOOGLE
"90013, California, United States",CGDR,Los Angeles,GOOGLE
"92372, California, United States",CGDR,Los Angeles,GOOGLE
"92339, California, United States",CGDR,Los Angeles,GOOGLE
"90005, California, United States",CGDR,Los Angeles,GOOGLE
"90014, California, United States",CGDR,Los Angeles,GOOGLE
"91203, California, United States",CGDR,Los Angeles,GOOGLE
"90017, California, United States",CGDR,Los Angeles,GOOGLE
"90056, California, United States",CGDR,Los Angeles,GOOGLE
"90840, California, United States",CGDR,Los Angeles,GOOGLE
"90071, California, United States",CGDR,Los Angeles,GOOGLE
"92327, California, United States",CGDR,Los Angeles,GOOGLE
"90095, California, United States",CGDR,Los Angeles,GOOGLE
"92358, California, United States",CGDR,Los Angeles,GOOGLE
"90010, California, United States",CGDR,Los Angeles,GOOGLE
"92391, California, United States",CGDR,Los Angeles,GOOGLE
"93064, California, United States",CGDR,Los Angeles,GOOGLE
"93563, California, United States",CGDR,Los Angeles,GOOGLE
"92401, California, United States",CGDR,Los Angeles,GOOGLE
"92655, California, United States",CGDR,Los Angeles,GOOGLE
"92347, California, United States",CGDR,Los Angeles,GOOGLE
"92359, California, United States",CGDR,Los Angeles,GOOGLE
"93040, California, United States",CGDR,Los Angeles,GOOGLE
"93532, California, United States",CGDR,Los Angeles,GOOGLE
"92382, California, United States",CGDR,Los Angeles,GOOGLE
"95363, California, United States",CGDR,Sacramento,GOOGLE
"95864, California, United States",CGDR,Sacramento,GOOGLE
"95616, California, United States",CGDR,Sacramento,GOOGLE
"95354, California, United States",CGDR,Sacramento,GOOGLE
"95660, California, United States",CGDR,Sacramento,GOOGLE
"95355, California, United States",CGDR,Sacramento,GOOGLE
"95677, California, United States",CGDR,Sacramento,GOOGLE
"95843, California, United States",CGDR,Sacramento,GOOGLE
"95945, California, United States",CGDR,Sacramento,GOOGLE
"95624, California, United States",CGDR,Sacramento,GOOGLE
"95757, California, United States",CGDR,Sacramento,GOOGLE
"95701, California, United States",CGDR,Sacramento,GOOGLE
"95621, California, United States",CGDR,Sacramento,GOOGLE
"95633, California, United States",CGDR,Sacramento,GOOGLE
"94535, California, United States",CGDR,Sacramento,GOOGLE
"95776, California, United States",CGDR,Sacramento,GOOGLE
"95605, California, United States",CGDR,Sacramento,GOOGLE
"95673, California, United States",CGDR,Sacramento,GOOGLE
"95623, California, United States",CGDR,Sacramento,GOOGLE
"94558, California, United States",CGDR,Sacramento,GOOGLE
"95641, California, United States",CGDR,Sacramento,GOOGLE
"95674, California, United States",CGDR,Sacramento,GOOGLE
"95638, California, United States",CGDR,Sacramento,GOOGLE
"95628, California, United States",CGDR,Sacramento,GOOGLE
"95937, California, United States",CGDR,Sacramento,GOOGLE
"95670, California, United States",CGDR,Sacramento,GOOGLE
"95258, California, United States",CGDR,Sacramento,GOOGLE
"95693, California, United States",CGDR,Sacramento,GOOGLE
"95834, California, United States",CGDR,Sacramento,GOOGLE
"95376, California, United States",CGDR,Sacramento,GOOGLE
"95367, California, United States",CGDR,Sacramento,GOOGLE
"95918, California, United States",CGDR,Sacramento,GOOGLE
"94589, California, United States",CGDR,Sacramento,GOOGLE
"95634, California, United States",CGDR,Sacramento,GOOGLE
"95682, California, United States",CGDR,Sacramento,GOOGLE
"95326, California, United States",CGDR,Sacramento,GOOGLE
"95219, California, United States",CGDR,Sacramento,GOOGLE
"95307, California, United States",CGDR,Sacramento,GOOGLE
"95841, California, United States",CGDR,Sacramento,GOOGLE
"95692, California, United States",CGDR,Sacramento,GOOGLE
"95722, California, United States",CGDR,Sacramento,GOOGLE
"95714, California, United States",CGDR,Sacramento,GOOGLE
"95842, California, United States",CGDR,Sacramento,GOOGLE
"95837, California, United States",CGDR,Sacramento,GOOGLE
"95650, California, United States",CGDR,Sacramento,GOOGLE
"95607, California, United States",CGDR,Sacramento,GOOGLE
"95209, California, United States",CGDR,Sacramento,GOOGLE
"95975, California, United States",CGDR,Sacramento,GOOGLE
"95330, California, United States",CGDR,Sacramento,GOOGLE
"94576, California, United States",CGDR,Sacramento,GOOGLE
"95380, California, United States",CGDR,Sacramento,GOOGLE
"94512, California, United States",CGDR,Sacramento,GOOGLE
"94559, California, United States",CGDR,Sacramento,GOOGLE
"95681, California, United States",CGDR,Sacramento,GOOGLE
"95830, California, United States",CGDR,Sacramento,GOOGLE
"95663, California, United States",CGDR,Sacramento,GOOGLE
"95672, California, United States",CGDR,Sacramento,GOOGLE
"95205, California, United States",CGDR,Sacramento,GOOGLE
"95377, California, United States",CGDR,Sacramento,GOOGLE
"95368, California, United States",CGDR,Sacramento,GOOGLE
"95602, California, United States",CGDR,Sacramento,GOOGLE
"95313, California, United States",CGDR,Sacramento,GOOGLE
"95667, California, United States",CGDR,Sacramento,GOOGLE
"95833, California, United States",CGDR,Sacramento,GOOGLE
"95832, California, United States",CGDR,Sacramento,GOOGLE
"95662, California, United States",CGDR,Sacramento,GOOGLE
"95651, California, United States",CGDR,Sacramento,GOOGLE
"95328, California, United States",CGDR,Sacramento,GOOGLE
"95762, California, United States",CGDR,Sacramento,GOOGLE
"95828, California, United States",CGDR,Sacramento,GOOGLE
"95603, California, United States",CGDR,Sacramento,GOOGLE
"95703, California, United States",CGDR,Sacramento,GOOGLE
"95210, California, United States",CGDR,Sacramento,GOOGLE
"95829, California, United States",CGDR,Sacramento,GOOGLE
"95815, California, United States",CGDR,Sacramento,GOOGLE
"95336, California, United States",CGDR,Sacramento,GOOGLE
"95713, California, United States",CGDR,Sacramento,GOOGLE
"95678, California, United States",CGDR,Sacramento,GOOGLE
"95991, California, United States",CGDR,Sacramento,GOOGLE
"95961, California, United States",CGDR,Sacramento,GOOGLE
"95242, California, United States",CGDR,Sacramento,GOOGLE
"95240, California, United States",CGDR,Sacramento,GOOGLE
"95652, California, United States",CGDR,Sacramento,GOOGLE
"95668, California, United States",CGDR,Sacramento,GOOGLE
"95811, California, United States",CGDR,Sacramento,GOOGLE
"95993, California, United States",CGDR,Sacramento,GOOGLE
"95946, California, United States",CGDR,Sacramento,GOOGLE
"95690, California, United States",CGDR,Sacramento,GOOGLE
"95610, California, United States",CGDR,Sacramento,GOOGLE
"95818, California, United States",CGDR,Sacramento,GOOGLE
"95631, California, United States",CGDR,Sacramento,GOOGLE
"95211, California, United States",CGDR,Sacramento,GOOGLE
"95817, California, United States",CGDR,Sacramento,GOOGLE
"95680, California, United States",CGDR,Sacramento,GOOGLE
"94590, California, United States",CGDR,Sacramento,GOOGLE
"95635, California, United States",CGDR,Sacramento,GOOGLE
"95686, California, United States",CGDR,Sacramento,GOOGLE
"95901, California, United States",CGDR,Sacramento,GOOGLE
"95608, California, United States",CGDR,Sacramento,GOOGLE
"95231, California, United States",CGDR,Sacramento,GOOGLE
"95637, California, United States",CGDR,Sacramento,GOOGLE
"95356, California, United States",CGDR,Sacramento,GOOGLE
"95698, California, United States",CGDR,Sacramento,GOOGLE
"95977, California, United States",CGDR,Sacramento,GOOGLE
"95687, California, United States",CGDR,Sacramento,GOOGLE
"94515, California, United States",CGDR,Sacramento,GOOGLE
"95316, California, United States",CGDR,Sacramento,GOOGLE
"95212, California, United States",CGDR,Sacramento,GOOGLE
"95630, California, United States",CGDR,Sacramento,GOOGLE
"95206, California, United States",CGDR,Sacramento,GOOGLE
"95618, California, United States",CGDR,Sacramento,GOOGLE
"95329, California, United States",CGDR,Sacramento,GOOGLE
"95658, California, United States",CGDR,Sacramento,GOOGLE
"95639, California, United States",CGDR,Sacramento,GOOGLE
"95337, California, United States",CGDR,Sacramento,GOOGLE
"95694, California, United States",CGDR,Sacramento,GOOGLE
"95676, California, United States",CGDR,Sacramento,GOOGLE
"95758, California, United States",CGDR,Sacramento,GOOGLE
"95822, California, United States",CGDR,Sacramento,GOOGLE
"95683, California, United States",CGDR,Sacramento,GOOGLE
"95821, California, United States",CGDR,Sacramento,GOOGLE
"94503, California, United States",CGDR,Sacramento,GOOGLE
"95819, California, United States",CGDR,Sacramento,GOOGLE
"95824, California, United States",CGDR,Sacramento,GOOGLE
"95361, California, United States",CGDR,Sacramento,GOOGLE
"95626, California, United States",CGDR,Sacramento,GOOGLE
"95237, California, United States",CGDR,Sacramento,GOOGLE
"95236, California, United States",CGDR,Sacramento,GOOGLE
"95203, California, United States",CGDR,Sacramento,GOOGLE
"95202, California, United States",CGDR,Sacramento,GOOGLE
"95215, California, United States",CGDR,Sacramento,GOOGLE
"95230, California, United States",CGDR,Sacramento,GOOGLE
"95655, California, United States",CGDR,Sacramento,GOOGLE
"94533, California, United States",CGDR,Sacramento,GOOGLE
"95827, California, United States",CGDR,Sacramento,GOOGLE
"95207, California, United States",CGDR,Sacramento,GOOGLE
"95835, California, United States",CGDR,Sacramento,GOOGLE
"95204, California, United States",CGDR,Sacramento,GOOGLE
"95695, California, United States",CGDR,Sacramento,GOOGLE
"95387, California, United States",CGDR,Sacramento,GOOGLE
"95825, California, United States",CGDR,Sacramento,GOOGLE
"95823, California, United States",CGDR,Sacramento,GOOGLE
"95688, California, United States",CGDR,Sacramento,GOOGLE
"95358, California, United States",CGDR,Sacramento,GOOGLE
"95742, California, United States",CGDR,Sacramento,GOOGLE
"95957, California, United States",CGDR,Sacramento,GOOGLE
"95838, California, United States",CGDR,Sacramento,GOOGLE
"95360, California, United States",CGDR,Sacramento,GOOGLE
"95903, California, United States",CGDR,Sacramento,GOOGLE
"95820, California, United States",CGDR,Sacramento,GOOGLE
"95661, California, United States",CGDR,Sacramento,GOOGLE
"95619, California, United States",CGDR,Sacramento,GOOGLE
"95386, California, United States",CGDR,Sacramento,GOOGLE
"95645, California, United States",CGDR,Sacramento,GOOGLE
"95357, California, United States",CGDR,Sacramento,GOOGLE
"95717, California, United States",CGDR,Sacramento,GOOGLE
"94591, California, United States",CGDR,Sacramento,GOOGLE
"95614, California, United States",CGDR,Sacramento,GOOGLE
"95765, California, United States",CGDR,Sacramento,GOOGLE
"95953, California, United States",CGDR,Sacramento,GOOGLE
"95664, California, United States",CGDR,Sacramento,GOOGLE
"94508, California, United States",CGDR,Sacramento,GOOGLE
"95366, California, United States",CGDR,Sacramento,GOOGLE
"95632, California, United States",CGDR,Sacramento,GOOGLE
"95814, California, United States",CGDR,Sacramento,GOOGLE
"94585, California, United States",CGDR,Sacramento,GOOGLE
"95747, California, United States",CGDR,Sacramento,GOOGLE
"95620, California, United States",CGDR,Sacramento,GOOGLE
"95982, California, United States",CGDR,Sacramento,GOOGLE
"95949, California, United States",CGDR,Sacramento,GOOGLE
"95826, California, United States",CGDR,Sacramento,GOOGLE
"95323, California, United States",CGDR,Sacramento,GOOGLE
"95615, California, United States",CGDR,Sacramento,GOOGLE
"95612, California, United States",CGDR,Sacramento,GOOGLE
"95351, California, United States",CGDR,Sacramento,GOOGLE
"95220, California, United States",CGDR,Sacramento,GOOGLE
"95836, California, United States",CGDR,Sacramento,GOOGLE
"95320, California, United States",CGDR,Sacramento,GOOGLE
"95385, California, United States",CGDR,Sacramento,GOOGLE
"95606, California, United States",CGDR,Sacramento,GOOGLE
"95691, California, United States",CGDR,Sacramento,GOOGLE
"95304, California, United States",CGDR,Sacramento,GOOGLE
"95350, California, United States",CGDR,Sacramento,GOOGLE
"94574, California, United States",CGDR,Sacramento,GOOGLE
"94567, California, United States",CGDR,Sacramento,GOOGLE
"95648, California, United States",CGDR,Sacramento,GOOGLE
"94592, California, United States",CGDR,Sacramento,GOOGLE
"95627, California, United States",CGDR,Sacramento,GOOGLE
"95816, California, United States",CGDR,Sacramento,GOOGLE
"95709, California, United States",CGDR,Sacramento,GOOGLE
"95382, California, United States",CGDR,Sacramento,GOOGLE
"95746, California, United States",CGDR,Sacramento,GOOGLE
"94510, California, United States",CGDR,Sacramento,GOOGLE
"95659, California, United States",CGDR,Sacramento,GOOGLE
"94534, California, United States",CGDR,Sacramento,GOOGLE
"95831, California, United States",CGDR,Sacramento,GOOGLE
"94571, California, United States",CGDR,Sacramento,GOOGLE
"95391, California, United States",CGDR,Sacramento,GOOGLE
"92083, California, United States",CGDR,San Diego,GOOGLE
"92029, California, United States",CGDR,San Diego,GOOGLE
"92119, California, United States",CGDR,San Diego,GOOGLE
"92101, California, United States",CGDR,San Diego,GOOGLE
"92019, California, United States",CGDR,San Diego,GOOGLE
"91915, California, United States",CGDR,San Diego,GOOGLE
"92025, California, United States",CGDR,San Diego,GOOGLE
"92057, California, United States",CGDR,San Diego,GOOGLE
"92127, California, United States",CGDR,San Diego,GOOGLE
"92124, California, United States",CGDR,San Diego,GOOGLE
"92131, California, United States",CGDR,San Diego,GOOGLE
"92179, California, United States",CGDR,San Diego,GOOGLE
"92129, California, United States",CGDR,San Diego,GOOGLE
"92120, California, United States",CGDR,San Diego,GOOGLE
"91911, California, United States",CGDR,San Diego,GOOGLE
"92064, California, United States",CGDR,San Diego,GOOGLE
"91901, California, United States",CGDR,San Diego,GOOGLE
"92009, California, United States",CGDR,San Diego,GOOGLE
"92103, California, United States",CGDR,San Diego,GOOGLE
"91942, California, United States",CGDR,San Diego,GOOGLE
"92106, California, United States",CGDR,San Diego,GOOGLE
"92028, California, United States",CGDR,San Diego,GOOGLE
"92111, California, United States",CGDR,San Diego,GOOGLE
"92003, California, United States",CGDR,San Diego,GOOGLE
"92027, California, United States",CGDR,San Diego,GOOGLE
"92071, California, United States",CGDR,San Diego,GOOGLE
"92115, California, United States",CGDR,San Diego,GOOGLE
"92154, California, United States",CGDR,San Diego,GOOGLE
"92104, California, United States",CGDR,San Diego,GOOGLE
"92024, California, United States",CGDR,San Diego,GOOGLE
"92114, California, United States",CGDR,San Diego,GOOGLE
"92116, California, United States",CGDR,San Diego,GOOGLE
"91913, California, United States",CGDR,San Diego,GOOGLE
"91963, California, United States",CGDR,San Diego,GOOGLE
"92081, California, United States",CGDR,San Diego,GOOGLE
"91950, California, United States",CGDR,San Diego,GOOGLE
"92020, California, United States",CGDR,San Diego,GOOGLE
"92108, California, United States",CGDR,San Diego,GOOGLE
"92065, California, United States",CGDR,San Diego,GOOGLE
"92082, California, United States",CGDR,San Diego,GOOGLE
"91977, California, United States",CGDR,San Diego,GOOGLE
"92037, California, United States",CGDR,San Diego,GOOGLE
"92105, California, United States",CGDR,San Diego,GOOGLE
"92061, California, United States",CGDR,San Diego,GOOGLE
"92040, California, United States",CGDR,San Diego,GOOGLE
"92008, California, United States",CGDR,San Diego,GOOGLE
"92126, California, United States",CGDR,San Diego,GOOGLE
"92056, California, United States",CGDR,San Diego,GOOGLE
"92128, California, United States",CGDR,San Diego,GOOGLE
"92054, California, United States",CGDR,San Diego,GOOGLE
"92007, California, United States",CGDR,San Diego,GOOGLE
"91914, California, United States",CGDR,San Diego,GOOGLE
"92122, California, United States",CGDR,San Diego,GOOGLE
"92011, California, United States",CGDR,San Diego,GOOGLE
"92110, California, United States",CGDR,San Diego,GOOGLE
"92113, California, United States",CGDR,San Diego,GOOGLE
"92130, California, United States",CGDR,San Diego,GOOGLE
"91932, California, United States",CGDR,San Diego,GOOGLE
"92102, California, United States",CGDR,San Diego,GOOGLE
"91910, California, United States",CGDR,San Diego,GOOGLE
"92014, California, United States",CGDR,San Diego,GOOGLE
"91945, California, United States",CGDR,San Diego,GOOGLE
"92069, California, United States",CGDR,San Diego,GOOGLE
"92118, California, United States",CGDR,San Diego,GOOGLE
"92021, California, United States",CGDR,San Diego,GOOGLE
"92067, California, United States",CGDR,San Diego,GOOGLE
"92058, California, United States",CGDR,San Diego,GOOGLE
"92059, California, United States",CGDR,San Diego,GOOGLE
"92026, California, United States",CGDR,San Diego,GOOGLE
"92010, California, United States",CGDR,San Diego,GOOGLE
"92084, California, United States",CGDR,San Diego,GOOGLE
"92078, California, United States",CGDR,San Diego,GOOGLE
"92107, California, United States",CGDR,San Diego,GOOGLE
"92075, California, United States",CGDR,San Diego,GOOGLE
"92121, California, United States",CGDR,San Diego,GOOGLE
"92123, California, United States",CGDR,San Diego,GOOGLE
"92173, California, United States",CGDR,San Diego,GOOGLE
"91941, California, United States",CGDR,San Diego,GOOGLE
"91902, California, United States",CGDR,San Diego,GOOGLE
"92117, California, United States",CGDR,San Diego,GOOGLE
"91916, California, United States",CGDR,San Diego,GOOGLE
"92109, California, United States",CGDR,San Diego,GOOGLE
"92139, California, United States",CGDR,San Diego,GOOGLE
"91917, California, United States",CGDR,San Diego,GOOGLE
"91978, California, United States",CGDR,San Diego,GOOGLE
"92161, California, United States",CGDR,San Diego,GOOGLE
"91980, California, United States",CGDR,San Diego,GOOGLE
"92182, California, United States",CGDR,San Diego,GOOGLE
"92136, California, United States",CGDR,San Diego,GOOGLE
"92091, California, United States",CGDR,San Diego,GOOGLE
"92145, California, United States",CGDR,San Diego,GOOGLE
"92060, California, United States",CGDR,San Diego,GOOGLE
"92140, California, United States",CGDR,San Diego,GOOGLE
"92134, California, United States",CGDR,San Diego,GOOGLE
"91935, California, United States",CGDR,San Diego,GOOGLE
"92096, California, United States",CGDR,San Diego,GOOGLE
"92070, California, United States",CGDR,San Diego,GOOGLE
"91931, California, United States",CGDR,San Diego,GOOGLE
"92093, California, United States",CGDR,San Diego,GOOGLE
"93953, California, United States",CGDR,San Francisco,GOOGLE
"94085, California, United States",CGDR,San Francisco,GOOGLE
"94552, California, United States",CGDR,San Francisco,GOOGLE
"94560, California, United States",CGDR,San Francisco,GOOGLE
"94610, California, United States",CGDR,San Francisco,GOOGLE
"95122, California, United States",CGDR,San Francisco,GOOGLE
"94588, California, United States",CGDR,San Francisco,GOOGLE
"93908, California, United States",CGDR,San Francisco,GOOGLE
"94903, California, United States",CGDR,San Francisco,GOOGLE
"93905, California, United States",CGDR,San Francisco,GOOGLE
"94547, California, United States",CGDR,San Francisco,GOOGLE
"94607, California, United States",CGDR,San Francisco,GOOGLE
"95148, California, United States",CGDR,San Francisco,GOOGLE
"95110, California, United States",CGDR,San Francisco,GOOGLE
"95023, California, United States",CGDR,San Francisco,GOOGLE
"94518, California, United States",CGDR,San Francisco,GOOGLE
"94596, California, United States",CGDR,San Francisco,GOOGLE
"94597, California, United States",CGDR,San Francisco,GOOGLE
"95121, California, United States",CGDR,San Francisco,GOOGLE
"94129, California, United States",CGDR,San Francisco,GOOGLE
"95051, California, United States",CGDR,San Francisco,GOOGLE
"94043, California, United States",CGDR,San Francisco,GOOGLE
"94563, California, United States",CGDR,San Francisco,GOOGLE
"94706, California, United States",CGDR,San Francisco,GOOGLE
"94124, California, United States",CGDR,San Francisco,GOOGLE
"94044, California, United States",CGDR,San Francisco,GOOGLE
"94030, California, United States",CGDR,San Francisco,GOOGLE
"94114, California, United States",CGDR,San Francisco,GOOGLE
"94565, California, United States",CGDR,San Francisco,GOOGLE
"95138, California, United States",CGDR,San Francisco,GOOGLE
"94564, California, United States",CGDR,San Francisco,GOOGLE
"94949, California, United States",CGDR,San Francisco,GOOGLE
"94545, California, United States",CGDR,San Francisco,GOOGLE
"94806, California, United States",CGDR,San Francisco,GOOGLE
"95126, California, United States",CGDR,San Francisco,GOOGLE
"94804, California, United States",CGDR,San Francisco,GOOGLE
"94960, California, United States",CGDR,San Francisco,GOOGLE
"94025, California, United States",CGDR,San Francisco,GOOGLE
"94402, California, United States",CGDR,San Francisco,GOOGLE
"94080, California, United States",CGDR,San Francisco,GOOGLE
"95066, California, United States",CGDR,San Francisco,GOOGLE
"94002, California, United States",CGDR,San Francisco,GOOGLE
"95133, California, United States",CGDR,San Francisco,GOOGLE
"95119, California, United States",CGDR,San Francisco,GOOGLE
"94066, California, United States",CGDR,San Francisco,GOOGLE
"95014, California, United States",CGDR,San Francisco,GOOGLE
"95035, California, United States",CGDR,San Francisco,GOOGLE
"94041, California, United States",CGDR,San Francisco,GOOGLE
"94621, California, United States",CGDR,San Francisco,GOOGLE
"94550, California, United States",CGDR,San Francisco,GOOGLE
"94109, California, United States",CGDR,San Francisco,GOOGLE
"94544, California, United States",CGDR,San Francisco,GOOGLE
"94116, California, United States",CGDR,San Francisco,GOOGLE
"94551, California, United States",CGDR,San Francisco,GOOGLE
"94520, California, United States",CGDR,San Francisco,GOOGLE
"94605, California, United States",CGDR,San Francisco,GOOGLE
"94103, California, United States",CGDR,San Francisco,GOOGLE
"94117, California, United States",CGDR,San Francisco,GOOGLE
"95118, California, United States",CGDR,San Francisco,GOOGLE
"94526, California, United States",CGDR,San Francisco,GOOGLE
"95037, California, United States",CGDR,San Francisco,GOOGLE
"94561, California, United States",CGDR,San Francisco,GOOGLE
"94801, California, United States",CGDR,San Francisco,GOOGLE
"94703, California, United States",CGDR,San Francisco,GOOGLE
"94015, California, United States",CGDR,San Francisco,GOOGLE
"94040, California, United States",CGDR,San Francisco,GOOGLE
"95129, California, United States",CGDR,San Francisco,GOOGLE
"94403, California, United States",CGDR,San Francisco,GOOGLE
"95020, California, United States",CGDR,San Francisco,GOOGLE
"94602, California, United States",CGDR,San Francisco,GOOGLE
"94121, California, United States",CGDR,San Francisco,GOOGLE
"94301, California, United States",CGDR,San Francisco,GOOGLE
"94608, California, United States",CGDR,San Francisco,GOOGLE
"94538, California, United States",CGDR,San Francisco,GOOGLE
"94553, California, United States",CGDR,San Francisco,GOOGLE
"94531, California, United States",CGDR,San Francisco,GOOGLE
"95135, California, United States",CGDR,San Francisco,GOOGLE
"94601, California, United States",CGDR,San Francisco,GOOGLE
"94062, California, United States",CGDR,San Francisco,GOOGLE
"94579, California, United States",CGDR,San Francisco,GOOGLE
"95054, California, United States",CGDR,San Francisco,GOOGLE
"94566, California, United States",CGDR,San Francisco,GOOGLE
"95060, California, United States",CGDR,San Francisco,GOOGLE
"93955, California, United States",CGDR,San Francisco,GOOGLE
"94087, California, United States",CGDR,San Francisco,GOOGLE
"94112, California, United States",CGDR,San Francisco,GOOGLE
"94606, California, United States",CGDR,San Francisco,GOOGLE
"94086, California, United States",CGDR,San Francisco,GOOGLE
"93940, California, United States",CGDR,San Francisco,GOOGLE
"95136, California, United States",CGDR,San Francisco,GOOGLE
"94306, California, United States",CGDR,San Francisco,GOOGLE
"93906, California, United States",CGDR,San Francisco,GOOGLE
"94523, California, United States",CGDR,San Francisco,GOOGLE
"94019, California, United States",CGDR,San Francisco,GOOGLE
"94110, California, United States",CGDR,San Francisco,GOOGLE
"95117, California, United States",CGDR,San Francisco,GOOGLE
"94587, California, United States",CGDR,San Francisco,GOOGLE
"94131, California, United States",CGDR,San Francisco,GOOGLE
"95006, California, United States",CGDR,San Francisco,GOOGLE
"94519, California, United States",CGDR,San Francisco,GOOGLE
"95050, California, United States",CGDR,San Francisco,GOOGLE
"94401, California, United States",CGDR,San Francisco,GOOGLE
"94541, California, United States",CGDR,San Francisco,GOOGLE
"94061, California, United States",CGDR,San Francisco,GOOGLE
"95076, California, United States",CGDR,San Francisco,GOOGLE
"94710, California, United States",CGDR,San Francisco,GOOGLE
"94014, California, United States",CGDR,San Francisco,GOOGLE
"94024, California, United States",CGDR,San Francisco,GOOGLE
"94803, California, United States",CGDR,San Francisco,GOOGLE
"95003, California, United States",CGDR,San Francisco,GOOGLE
"94134, California, United States",CGDR,San Francisco,GOOGLE
"94521, California, United States",CGDR,San Francisco,GOOGLE
"94609, California, United States",CGDR,San Francisco,GOOGLE
"94123, California, United States",CGDR,San Francisco,GOOGLE
"94132, California, United States",CGDR,San Francisco,GOOGLE
"94580, California, United States",CGDR,San Francisco,GOOGLE
"94536, California, United States",CGDR,San Francisco,GOOGLE
"95112, California, United States",CGDR,San Francisco,GOOGLE
"94027, California, United States",CGDR,San Francisco,GOOGLE
"94509, California, United States",CGDR,San Francisco,GOOGLE
"94107, California, United States",CGDR,San Francisco,GOOGLE
"94555, California, United States",CGDR,San Francisco,GOOGLE
"94539, California, United States",CGDR,San Francisco,GOOGLE
"93923, California, United States",CGDR,San Francisco,GOOGLE
"94598, California, United States",CGDR,San Francisco,GOOGLE
"94070, California, United States",CGDR,San Francisco,GOOGLE
"94513, California, United States",CGDR,San Francisco,GOOGLE
"94122, California, United States",CGDR,San Francisco,GOOGLE
"94603, California, United States",CGDR,San Francisco,GOOGLE
"95073, California, United States",CGDR,San Francisco,GOOGLE
"95008, California, United States",CGDR,San Francisco,GOOGLE
"94546, California, United States",CGDR,San Francisco,GOOGLE
"95070, California, United States",CGDR,San Francisco,GOOGLE
"94568, California, United States",CGDR,San Francisco,GOOGLE
"94404, California, United States",CGDR,San Francisco,GOOGLE
"94577, California, United States",CGDR,San Francisco,GOOGLE
"95127, California, United States",CGDR,San Francisco,GOOGLE
"94582, California, United States",CGDR,San Francisco,GOOGLE
"95111, California, United States",CGDR,San Francisco,GOOGLE
"94303, California, United States",CGDR,San Francisco,GOOGLE
"93933, California, United States",CGDR,San Francisco,GOOGLE
"94065, California, United States",CGDR,San Francisco,GOOGLE
"94118, California, United States",CGDR,San Francisco,GOOGLE
"94542, California, United States",CGDR,San Francisco,GOOGLE
"94549, California, United States",CGDR,San Francisco,GOOGLE
"93950, California, United States",CGDR,San Francisco,GOOGLE
"95004, California, United States",CGDR,San Francisco,GOOGLE
"95012, California, United States",CGDR,San Francisco,GOOGLE
"93924, California, United States",CGDR,San Francisco,GOOGLE
"94005, California, United States",CGDR,San Francisco,GOOGLE
"94578, California, United States",CGDR,San Francisco,GOOGLE
"94507, California, United States",CGDR,San Francisco,GOOGLE
"94506, California, United States",CGDR,San Francisco,GOOGLE
"94702, California, United States",CGDR,San Francisco,GOOGLE
"94940, California, United States",CGDR,San Francisco,GOOGLE
"95130, California, United States",CGDR,San Francisco,GOOGLE
"94805, California, United States",CGDR,San Francisco,GOOGLE
"94128, California, United States",CGDR,San Francisco,GOOGLE
"95030, California, United States",CGDR,San Francisco,GOOGLE
"94517, California, United States",CGDR,San Francisco,GOOGLE
"93925, California, United States",CGDR,San Francisco,GOOGLE
"95065, California, United States",CGDR,San Francisco,GOOGLE
"94618, California, United States",CGDR,San Francisco,GOOGLE
"94060, California, United States",CGDR,San Francisco,GOOGLE
"95033, California, United States",CGDR,San Francisco,GOOGLE
"94583, California, United States",CGDR,San Francisco,GOOGLE
"95125, California, United States",CGDR,San Francisco,GOOGLE
"94127, California, United States",CGDR,San Francisco,GOOGLE
"95131, California, United States",CGDR,San Francisco,GOOGLE
"95128, California, United States",CGDR,San Francisco,GOOGLE
"94939, California, United States",CGDR,San Francisco,GOOGLE
"94530, California, United States",CGDR,San Francisco,GOOGLE
"94619, California, United States",CGDR,San Francisco,GOOGLE
"95116, California, United States",CGDR,San Francisco,GOOGLE
"94010, California, United States",CGDR,San Francisco,GOOGLE
"94611, California, United States",CGDR,San Francisco,GOOGLE
"93901, California, United States",CGDR,San Francisco,GOOGLE
"94720, California, United States",CGDR,San Francisco,GOOGLE
"95005, California, United States",CGDR,San Francisco,GOOGLE
"95141, California, United States",CGDR,San Francisco,GOOGLE
"94705, California, United States",CGDR,San Francisco,GOOGLE
"94063, California, United States",CGDR,San Francisco,GOOGLE
"94502, California, United States",CGDR,San Francisco,GOOGLE
"94965, California, United States",CGDR,San Francisco,GOOGLE
"95018, California, United States",CGDR,San Francisco,GOOGLE
"94945, California, United States",CGDR,San Francisco,GOOGLE
"95134, California, United States",CGDR,San Francisco,GOOGLE
"95032, California, United States",CGDR,San Francisco,GOOGLE
"94022, California, United States",CGDR,San Francisco,GOOGLE
"94089, California, United States",CGDR,San Francisco,GOOGLE
"95120, California, United States",CGDR,San Francisco,GOOGLE
"94501, California, United States",CGDR,San Francisco,GOOGLE
"94595, California, United States",CGDR,San Francisco,GOOGLE
"94904, California, United States",CGDR,San Francisco,GOOGLE
"94933, California, United States",CGDR,San Francisco,GOOGLE
"94707, California, United States",CGDR,San Francisco,GOOGLE
"95045, California, United States",CGDR,San Francisco,GOOGLE
"94304, California, United States",CGDR,San Francisco,GOOGLE
"94708, California, United States",CGDR,San Francisco,GOOGLE
"94505, California, United States",CGDR,San Francisco,GOOGLE
"95123, California, United States",CGDR,San Francisco,GOOGLE
"95062, California, United States",CGDR,San Francisco,GOOGLE
"94920, California, United States",CGDR,San Francisco,GOOGLE
"95124, California, United States",CGDR,San Francisco,GOOGLE
"95140, California, United States",CGDR,San Francisco,GOOGLE
"94028, California, United States",CGDR,San Francisco,GOOGLE
"95039, California, United States",CGDR,San Francisco,GOOGLE
"95132, California, United States",CGDR,San Francisco,GOOGLE
"94305, California, United States",CGDR,San Francisco,GOOGLE
"94901, California, United States",CGDR,San Francisco,GOOGLE
"94514, California, United States",CGDR,San Francisco,GOOGLE
"94947, California, United States",CGDR,San Francisco,GOOGLE
"94930, California, United States",CGDR,San Francisco,GOOGLE
"94973, California, United States",CGDR,San Francisco,GOOGLE
"95046, California, United States",CGDR,San Francisco,GOOGLE
"94941, California, United States",CGDR,San Francisco,GOOGLE
"95017, California, United States",CGDR,San Francisco,GOOGLE
"94937, California, United States",CGDR,San Francisco,GOOGLE
"93907, California, United States",CGDR,San Francisco,GOOGLE
"94556, California, United States",CGDR,San Francisco,GOOGLE
"94038, California, United States",CGDR,San Francisco,GOOGLE
"94956, California, United States",CGDR,San Francisco,GOOGLE
"94586, California, United States",CGDR,San Francisco,GOOGLE
"94709, California, United States",CGDR,San Francisco,GOOGLE
"94020, California, United States",CGDR,San Francisco,GOOGLE
"94108, California, United States",CGDR,San Francisco,GOOGLE
"94957, California, United States",CGDR,San Francisco,GOOGLE
"94925, California, United States",CGDR,San Francisco,GOOGLE
"94964, California, United States",CGDR,San Francisco,GOOGLE
"95043, California, United States",CGDR,San Francisco,GOOGLE
"94924, California, United States",CGDR,San Francisco,GOOGLE
"94704, California, United States",CGDR,San Francisco,GOOGLE
"94111, California, United States",CGDR,San Francisco,GOOGLE
"94970, California, United States",CGDR,San Francisco,GOOGLE
"94102, California, United States",CGDR,San Francisco,GOOGLE
"94021, California, United States",CGDR,San Francisco,GOOGLE
"94158, California, United States",CGDR,San Francisco,GOOGLE
"93944, California, United States",CGDR,San Francisco,GOOGLE
"94946, California, United States",CGDR,San Francisco,GOOGLE
"94938, California, United States",CGDR,San Francisco,GOOGLE
"94115, California, United States",CGDR,San Francisco,GOOGLE
"94516, California, United States",CGDR,San Francisco,GOOGLE
"95113, California, United States",CGDR,San Francisco,GOOGLE
"94074, California, United States",CGDR,San Francisco,GOOGLE
"94612, California, United States",CGDR,San Francisco,GOOGLE
"94133, California, United States",CGDR,San Francisco,GOOGLE
"94105, California, United States",CGDR,San Francisco,GOOGLE
"94037, California, United States",CGDR,San Francisco,GOOGLE
"94963, California, United States",CGDR,San Francisco,GOOGLE
"95075, California, United States",CGDR,San Francisco,GOOGLE
"94104, California, United States",CGDR,San Francisco,GOOGLE
"93436, California, United States",CGDR,Santa Maria,GOOGLE
"93433, California, United States",CGDR,Santa Maria,GOOGLE
"93117, California, United States",CGDR,Santa Maria,GOOGLE
"93420, California, United States",CGDR,Santa Maria,GOOGLE
"93455, California, United States",CGDR,Santa Maria,GOOGLE
"93449, California, United States",CGDR,Santa Maria,GOOGLE
"93401, California, United States",CGDR,Santa Maria,GOOGLE
"93446, California, United States",CGDR,Santa Maria,GOOGLE
"93434, California, United States",CGDR,Santa Maria,GOOGLE
"93458, California, United States",CGDR,Santa Maria,GOOGLE
"93444, California, United States",CGDR,Santa Maria,GOOGLE
"93111, California, United States",CGDR,Santa Maria,GOOGLE
"93430, California, United States",CGDR,Santa Maria,GOOGLE
"93463, California, United States",CGDR,Santa Maria,GOOGLE
"93445, California, United States",CGDR,Santa Maria,GOOGLE
"93441, California, United States",CGDR,Santa Maria,GOOGLE
"93437, California, United States",CGDR,Santa Maria,GOOGLE
"93427, California, United States",CGDR,Santa Maria,GOOGLE
"93435, California, United States",CGDR,Santa Maria,GOOGLE
"93440, California, United States",CGDR,Santa Maria,GOOGLE
"93429, California, United States",CGDR,Santa Maria,GOOGLE
"93465, California, United States",CGDR,Santa Maria,GOOGLE
"93460, California, United States",CGDR,Santa Maria,GOOGLE
"93422, California, United States",CGDR,Santa Maria,GOOGLE
"93453, California, United States",CGDR,Santa Maria,GOOGLE
"93442, California, United States",CGDR,Santa Maria,GOOGLE
"93428, California, United States",CGDR,Santa Maria,GOOGLE
"93424, California, United States",CGDR,Santa Maria,GOOGLE
"93461, California, United States",CGDR,Santa Maria,GOOGLE
"93402, California, United States",CGDR,Santa Maria,GOOGLE
"93432, California, United States",CGDR,Santa Maria,GOOGLE
"93454, California, United States",CGDR,Santa Maria,GOOGLE
"93405, California, United States",CGDR,Santa Maria,GOOGLE
"93452, California, United States",CGDR,Santa Maria,GOOGLE
"93460, California, United States",D&R,Nationwide,GOOGLE
"25.0|mi|(44.936241,-123.040750)",D&R,Nationwide,GOOGLE
"93428, California, United States",D&R,Nationwide,GOOGLE
"Cameron Park, California, United States",D&R,Nationwide,GOOGLE
"15.0|mi|(41.099901,-80.651475)",D&R,Nationwide,GOOGLE
"New Castle County, Delaware, United States",D&R,Nationwide,GOOGLE
"Bronx County, New York, United States",D&R,Nationwide,GOOGLE
"25.0|mi|(37.457091,-77.129972)",D&R,Nationwide,GOOGLE
"30.0|mi|(48.402883,-122.241265)",D&R,Nationwide,GOOGLE
"30.0|mi|(29.104424,-82.020643)",D&R,Nationwide,GOOGLE
"25.0|mi|(30.329757,-81.659153)",D&R,Nationwide,GOOGLE
"40.0|mi|(29.760077,-95.370111)",D&R,Nationwide,GOOGLE
"30.0|mi|(34.104559,-117.291869)",D&R,Nationwide,GOOGLE
"20.0|mi|(35.948957,-85.026901)",D&R,Nationwide,GOOGLE
"30.0|mi|(45.515232,-122.678385)",D&R,Nationwide,GOOGLE
"93434, California, United States",D&R,Nationwide,GOOGLE
"California's 14th Congressional District 2022 redistricting, California, United States",D&R,Nationwide,GOOGLE
"93444, California, United States",D&R,Nationwide,GOOGLE
"25.0|mi|(29.651956,-82.324998)",D&R,Nationwide,GOOGLE
"30.0|mi|(34.281946,-118.438972)",D&R,Nationwide,GOOGLE
"30.0|mi|(47.606139,-122.332848)",D&R,Nationwide,GOOGLE
"20.0|mi|(44.052121,-123.089671)",D&R,Nationwide,GOOGLE
"30.0|mi|(38.658172,-77.249705)",D&R,Nationwide,GOOGLE
"El Dorado Hills, California, United States",D&R,Nationwide,GOOGLE
"20.0|mi|(37.123000,-120.260175)",D&R,Nationwide,GOOGLE
"35.0|mi|(27.951690,-82.458753)",D&R,Nationwide,GOOGLE
"25.0|mi|(37.449592,-77.344980)",D&R,Nationwide,GOOGLE
"10.0|mi|(38.729625,-120.798546)",D&R,Nationwide,GOOGLE
"93458, California, United States",D&R,Nationwide,GOOGLE
"San Mateo County, California, United States",D&R,Nationwide,GOOGLE
"40.0|mi|(41.499320,-81.694361)",D&R,Nationwide,GOOGLE
"15.0|mi|(40.797378,-81.376997)",D&R,Nationwide,GOOGLE
"20.0|mi|(36.852455,-121.401602)",D&R,Nationwide,GOOGLE
"93420, California, United States",D&R,Nationwide,GOOGLE
"20.0|mi|(29.301231,-94.795015)",D&R,Nationwide,GOOGLE
"20.0|mi|(33.197668,-117.378756)",D&R,Nationwide,GOOGLE
"40.0|mi|(35.784601,-80.888329)",D&R,Nationwide,GOOGLE
"Sonoma County, California, United States",D&R,Nationwide,GOOGLE
"25.0|mi|(26.139178,-81.795548)",D&R,Nationwide,GOOGLE
"93452, California, United States",D&R,Nationwide,GOOGLE
"Yolo County, California, United States",D&R,Nationwide,GOOGLE
"Kings County, New York, United States",D&R,Nationwide,GOOGLE
"New York County, New York, United States",D&R,Nationwide,GOOGLE
"93422, California, United States",D&R,Nationwide,GOOGLE
"93402, California, United States",D&R,Nationwide,GOOGLE
"Connecticut, United States",D&R,Nationwide,GOOGLE
"20.0|mi|(39.952584,-75.165222)",D&R,Nationwide,GOOGLE
"25.0|mi|(43.246232,-78.193750)",D&R,Nationwide,GOOGLE
"Guinda, California, United States",D&R,Nationwide,GOOGLE
"25.0|mi|(27.638635,-80.394632)",D&R,Nationwide,GOOGLE
"40.0|mi|(38.246862,-85.766372)",D&R,Nationwide,GOOGLE
"40.0|mi|(42.733599,-84.553866)",D&R,Nationwide,GOOGLE
"30.0|mi|(39.099727,-94.578567)",D&R,Nationwide,GOOGLE
"15.0|mi|(32.835052,-116.766411)",D&R,Nationwide,GOOGLE
"93111, California, United States",D&R,Nationwide,GOOGLE
"30.0|mi|(39.115531,-94.626787)",D&R,Nationwide,GOOGLE
"93437, California, United States",D&R,Nationwide,GOOGLE
"25.0|mi|(28.664992,-82.112863)",D&R,Nationwide,GOOGLE
"Rhode Island, United States",D&R,Nationwide,GOOGLE
"20.0|mi|(43.049483,-76.147398)",D&R,Nationwide,GOOGLE
"25.0|mi|(26.714453,-80.054946)",D&R,Nationwide,GOOGLE
"Napa County, California, United States",D&R,Nationwide,GOOGLE
"Winters, California, United States",D&R,Nationwide,GOOGLE
"30.0|mi|(33.823229,-116.510619)",D&R,Nationwide,GOOGLE
"30.0|mi|(27.499127,-82.573429)",D&R,Nationwide,GOOGLE
"San Francisco, California, United States",D&R,Nationwide,GOOGLE
"20.0|mi|(29.892184,-81.313931)",D&R,Nationwide,GOOGLE
"93445, California, United States",D&R,Nationwide,GOOGLE
"40.0|mi|(38.627003,-90.199404)",D&R,Nationwide,GOOGLE
"30.0|mi|(34.054908,-118.242643)",D&R,Nationwide,GOOGLE
"20.0|mi|(36.597293,-121.897769)",D&R,Nationwide,GOOGLE
"25.0|mi|(37.227928,-77.401927)",D&R,Nationwide,GOOGLE
"Travis County, Texas, United States",D&R,Nationwide,GOOGLE
"Esparto, California, United States",D&R,Nationwide,GOOGLE
"Orange County, California, United States",D&R,Nationwide,GOOGLE
"93433, California, United States",D&R,Nationwide,GOOGLE
"Solano County, California, United States",D&R,Nationwide,GOOGLE
"30.0|mi|(39.103118,-84.512020)",D&R,Nationwide,GOOGLE
"20.0|mi|(39.115452,-77.564532)",D&R,Nationwide,GOOGLE
"Contra Costa County, California, United States",D&R,Nationwide,GOOGLE
"50.0|mi|(40.760560,-111.888140)",D&R,Nationwide,GOOGLE
"25.0|mi|(28.042093,-81.953496)",D&R,Nationwide,GOOGLE
"Santa Clara County, California, United States",D&R,Nationwide,GOOGLE
"13.0|mi|(40.105073,-80.507847)",D&R,Nationwide,GOOGLE
"Fremont, California, United States",D&R,Nationwide,GOOGLE
"40.0|mi|(30.267153,-97.743061)",D&R,Nationwide,GOOGLE
"93455, California, United States",D&R,Nationwide,GOOGLE
"93454, California, United States",D&R,Nationwide,GOOGLE
"Santa Cruz County, California, United States",D&R,Nationwide,GOOGLE
"Sutter County, California, United States",D&R,Nationwide,GOOGLE
"Caroline County, Maryland, United States",D&R,Nationwide,GOOGLE
"93442, California, United States",D&R,Nationwide,GOOGLE
"25.0|mi|(36.768209,-76.287493)",D&R,Nationwide,GOOGLE
"22.0|mi|(40.533677,-79.381984)",D&R,Nationwide,GOOGLE
"93461, California, United States",D&R,Nationwide,GOOGLE
"17.0|mi|(39.759223,-84.193614)",D&R,Nationwide,GOOGLE
"65.0|mi|(39.962511,-83.003222)",D&R,Nationwide,GOOGLE
"93446, California, United States",D&R,Nationwide,GOOGLE
"20.0|mi|(35.071795,-81.649820)",D&R,Nationwide,GOOGLE
"25.0|mi|(37.540725,-77.436048)",D&R,Nationwide,GOOGLE
"93424, California, United States",D&R,Nationwide,GOOGLE
"25.0|mi|(36.851644,-75.979219)",D&R,Nationwide,GOOGLE
"93435, California, United States",D&R,Nationwide,GOOGLE
"25.0|mi|(27.099608,-82.450644)",D&R,Nationwide,GOOGLE
"93405, California, United States",D&R,Nationwide,GOOGLE
"20.0|mi|(34.703947,-118.148102)",D&R,Nationwide,GOOGLE
"20.0|mi|(40.017852,-79.589483)",D&R,Nationwide,GOOGLE
"20.0|mi|(36.327450,-119.645684)",D&R,Nationwide,GOOGLE
"Ventura County, California, United States",D&R,Nationwide,GOOGLE
"Detroit, Michigan, United States",D&R,Nationwide,GOOGLE
"San Joaquin County, California, United States",D&R,Nationwide,GOOGLE
"93449, California, United States",D&R,Nationwide,GOOGLE
"25.0|mi|(37.066815,-76.676346)",D&R,Nationwide,GOOGLE
"25.0|mi|(42.035408,-88.282567)",D&R,Nationwide,GOOGLE
"15.0|mi|(32.715738,-117.161084)",D&R,Nationwide,GOOGLE
"25.0|mi|(36.850769,-76.285873)",D&R,Nationwide,GOOGLE
"20.0|mi|(38.891565,-121.293008)",D&R,Nationwide,GOOGLE
"25.0|mi|(28.034462,-80.588665)",D&R,Nationwide,GOOGLE
"12.0|mi|(40.380349,-79.075308)",D&R,Nationwide,GOOGLE
"55.0|mi|(44.977753,-93.265011)",D&R,Nationwide,GOOGLE
"Suffolk County, New York, United States",D&R,Nationwide,GOOGLE
"30.0|mi|(42.970415,-85.672195)",D&R,Nationwide,GOOGLE
"15.0|mi|(43.012527,-83.687456)",D&R,Nationwide,GOOGLE
"Kent County, Delaware, United States",D&R,Nationwide,GOOGLE
"40.0|mi|(38.038909,-84.515266)",D&R,Nationwide,GOOGLE
"40.0|mi|(38.195032,-84.878468)",D&R,Nationwide,GOOGLE
"20.0|mi|(44.636511,-123.105928)",D&R,Nationwide,GOOGLE
"25.0|mi|(37.402640,-76.458559)",D&R,Nationwide,GOOGLE
"40.0|mi|(39.290502,-76.610407)",D&R,Nationwide,GOOGLE
"18.0|mi|(43.170613,-78.690310)",D&R,Nationwide,GOOGLE
"25.0|mi|(43.045658,-76.983859)",D&R,Nationwide,GOOGLE
"15.0|mi|(42.363633,-87.844794)",D&R,Nationwide,GOOGLE
"40.0|mi|(36.171563,-115.139101)",D&R,Nationwide,GOOGLE
"20.0|mi|(41.003672,-80.347009)",D&R,Nationwide,GOOGLE
"Rio Vista, California, United States",D&R,Nationwide,GOOGLE
"93401, California, United States",D&R,Nationwide,GOOGLE
"50.0|mi|(43.041034,-87.909678)",D&R,Nationwide,GOOGLE
"93432, California, United States",D&R,Nationwide,GOOGLE
"40.0|mi|(39.769090,-86.158018)",D&R,Nationwide,GOOGLE
"Marin County, California, United States",D&R,Nationwide,GOOGLE
"15.0|mi|(39.140661,-121.617739)",D&R,Nationwide,GOOGLE
"18.0|mi|(43.156578,-77.608847)",D&R,Nationwide,GOOGLE
"15.0|mi|(34.895796,-117.017283)",D&R,Nationwide,GOOGLE
"Queens County, New York, United States",D&R,Nationwide,GOOGLE
"40.0|mi|(35.227077,-80.840893)",D&R,Nationwide,GOOGLE
"25.0|mi|(37.275731,-76.709805)",D&R,Nationwide,GOOGLE
"Akron, Ohio, United States",D&R,Nationwide,GOOGLE
"California's 12th Congressional District 2022 redistricting, California, United States",D&R,Nationwide,GOOGLE
"Petrer, Valencian Community, Spain",D&R,Nationwide,GOOGLE
"Sacramento County, California, United States",D&R,Nationwide,GOOGLE
"15.0|mi|(41.524951,-88.082970)",D&R,Nationwide,GOOGLE
"Knights Landing, California, United States",D&R,Nationwide,GOOGLE
"20.0|mi|(45.534302,-94.166671)",D&R,Nationwide,GOOGLE
"10.0|mi|(40.211943,-79.198621)",D&R,Nationwide,GOOGLE
"15.0|mi|(40.797463,-81.946001)",D&R,Nationwide,GOOGLE
"25.0|mi|(37.087082,-76.473012)",D&R,Nationwide,GOOGLE
"93117, California, United States",D&R,Nationwide,GOOGLE
"93441, California, United States",D&R,Nationwide,GOOGLE
"15.0|mi|(34.536218,-117.292764)",D&R,Nationwide,GOOGLE
"30.0|mi|(41.883250,-87.632388)",D&R,Nationwide,GOOGLE
"20.0|mi|(33.119207,-117.086421)",D&R,Nationwide,GOOGLE
"93429, California, United States",D&R,Nationwide,GOOGLE
"20.0|mi|(25.761680,-80.191790)",D&R,Nationwide,GOOGLE
"Olivehurst, California, United States",D&R,Nationwide,GOOGLE
"15.0|mi|(41.760585,-88.320072)",D&R,Nationwide,GOOGLE
"East Palo Alto, California, United States",D&R,Nationwide,GOOGLE
"93453, California, United States",D&R,Nationwide,GOOGLE
"93430, California, United States",D&R,Nationwide,GOOGLE
"30.0|mi|(33.750128,-84.388521)",D&R,Nationwide,GOOGLE
"Lucerne Valley, California, United States",D&R,Nationwide,GOOGLE
"20.0|mi|(36.059397,-119.312058)",D&R,Nationwide,GOOGLE
"New Jersey, United States",D&R,Nationwide,GOOGLE
"50.0|mi|(32.776664,-96.796988)",D&R,Nationwide,GOOGLE
"30.0|mi|(42.289653,-85.585628)",D&R,Nationwide,GOOGLE
"25.0|mi|(36.737798,-119.787125)",D&R,Nationwide,GOOGLE
"93463, California, United States",D&R,Nationwide,GOOGLE
"30.0|mi|(47.255134,-122.442000)",D&R,Nationwide,GOOGLE
"50.0|mi|(42.651810,-73.754471)",D&R,Nationwide,GOOGLE
"Sussex County, Delaware, United States",D&R,Nationwide,GOOGLE
"25.0|mi|(28.483168,-82.536987)",D&R,Nationwide,GOOGLE
"93436, California, United States",D&R,Nationwide,GOOGLE
"60.0|mi|(33.448227,-112.077678)",D&R,Nationwide,GOOGLE
"10.0|mi|(41.395049,-82.555173)",D&R,Nationwide,GOOGLE
"30.0|mi|(40.585260,-105.084423)",D&R,Nationwide,GOOGLE
"Nassau County, New York, United States",D&R,Nationwide,GOOGLE
"30.0|mi|(39.739236,-104.990251)",D&R,Nationwide,GOOGLE
"93440, California, United States",D&R,Nationwide,GOOGLE
"Hays County, Texas, United States",D&R,Nationwide,GOOGLE
"Williamson County, Texas, United States",D&R,Nationwide,GOOGLE
"40.0|mi|(43.615019,-116.202314)",D&R,Nationwide,GOOGLE
"25.0|mi|(36.162545,-85.498804)",D&R,Nationwide,GOOGLE
"25.0|mi|(26.122439,-80.137317)",D&R,Nationwide,GOOGLE
"West Sacramento, California, United States",D&R,Nationwide,GOOGLE
"Dunnigan, California, United States",D&R,Nationwide,GOOGLE
"10.0|mi|(30.238529,-90.920099)",D&R,Nationwide,GOOGLE
"30.0|mi|(40.438661,-79.997235)",D&R,Nationwide,GOOGLE
"93427, California, United States",D&R,Nationwide,GOOGLE
"15.0|mi|(39.100730,-120.953276)",D&R,Nationwide,GOOGLE
"25.0|mi|(27.273049,-80.358226)",D&R,Nationwide,GOOGLE
"93465, California, United States",D&R,Nationwide,GOOGLE
"30.0|mi|(38.835314,-104.821601)",D&R,Nationwide,GOOGLE
"30.0|mi|(26.640925,-81.860558)",D&R,Nationwide,GOOGLE
"40.0|mi|(28.538383,-81.378927)",D&R,Nationwide,GOOGLE
"50.0|mi|(36.162664,-86.781602)",D&R,Nationwide,GOOGLE
"40.0|mi|(42.280826,-83.743038)",D&R,Nationwide,GOOGLE
"25.0|mi|(36.728205,-76.583562)",D&R,Nationwide,GOOGLE
"15.0|mi|(33.561262,-117.210518)",D&R,Nationwide,GOOGLE
"92530, California, United States",D&R,California,GOOGLE
"92114, California, United States",D&R,California,GOOGLE
"92121, California, United States",D&R,California,GOOGLE
"95701, California, United States",D&R,California,GOOGLE
"95020, California, United States",D&R,California,GOOGLE
"92373, California, United States",D&R,California,GOOGLE
"90001, California, United States",D&R,California,GOOGLE
"92596, California, United States",D&R,California,GOOGLE
"94903, California, United States",D&R,California,GOOGLE
"95203, California, United States",D&R,California,GOOGLE
"92618, California, United States",D&R,California,GOOGLE
"92553, California, United States",D&R,California,GOOGLE
"91741, California, United States",D&R,California,GOOGLE
"92270, California, United States",D&R,California,GOOGLE
"90260, California, United States",D&R,California,GOOGLE
"92410, California, United States",D&R,California,GOOGLE
"95817, California, United States",D&R,California,GOOGLE
"93023, California, United States",D&R,California,GOOGLE
"91006, California, United States",D&R,California,GOOGLE
"94518, California, United States",D&R,California,GOOGLE
"90640, California, United States",D&R,California,GOOGLE
"92123, California, United States",D&R,California,GOOGLE
"92116, California, United States",D&R,California,GOOGLE
"91701, California, United States",D&R,California,GOOGLE
"92382, California, United States",D&R,California,GOOGLE
"92404, California, United States",D&R,California,GOOGLE
"94108, California, United States",D&R,California,GOOGLE
"94030, California, United States",D&R,California,GOOGLE
"92626, California, United States",D&R,California,GOOGLE
"95722, California, United States",D&R,California,GOOGLE
"93618, California, United States",D&R,California,GOOGLE
"95215, California, United States",D&R,California,GOOGLE
"92504, California, United States",D&R,California,GOOGLE
"92801, California, United States",D&R,California,GOOGLE
"92352, California, United States",D&R,California,GOOGLE
"92113, California, United States",D&R,California,GOOGLE
"95843, California, United States",D&R,California,GOOGLE
"95148, California, United States",D&R,California,GOOGLE
"92065, California, United States",D&R,California,GOOGLE
"95060, California, United States",D&R,California,GOOGLE
"95683, California, United States",D&R,California,GOOGLE
"92833, California, United States",D&R,California,GOOGLE
"92630, California, United States",D&R,California,GOOGLE
"93010, California, United States",D&R,California,GOOGLE
"95651, California, United States",D&R,California,GOOGLE
"92316, California, United States",D&R,California,GOOGLE
"94577, California, United States",D&R,California,GOOGLE
"95811, California, United States",D&R,California,GOOGLE
"91326, California, United States",D&R,California,GOOGLE
"92106, California, United States",D&R,California,GOOGLE
"91406, California, United States",D&R,California,GOOGLE
"92584, California, United States",D&R,California,GOOGLE
"93245, California, United States",D&R,California,GOOGLE
"92091, California, United States",D&R,California,GOOGLE
"93225, California, United States",D&R,California,GOOGLE
"92782, California, United States",D&R,California,GOOGLE
"93108, California, United States",D&R,California,GOOGLE
"93004, California, United States",D&R,California,GOOGLE
"94947, California, United States",D&R,California,GOOGLE
"95117, California, United States",D&R,California,GOOGLE
"93906, California, United States",D&R,California,GOOGLE
"92394, California, United States",D&R,California,GOOGLE
"95141, California, United States",D&R,California,GOOGLE
"90806, California, United States",D&R,California,GOOGLE
"94517, California, United States",D&R,California,GOOGLE
"93033, California, United States",D&R,California,GOOGLE
"91030, California, United States",D&R,California,GOOGLE
"94515, California, United States",D&R,California,GOOGLE
"95714, California, United States",D&R,California,GOOGLE
"94021, California, United States",D&R,California,GOOGLE
"90006, California, United States",D&R,California,GOOGLE
"90042, California, United States",D&R,California,GOOGLE
"90250, California, United States",D&R,California,GOOGLE
"95820, California, United States",D&R,California,GOOGLE
"90402, California, United States",D&R,California,GOOGLE
"91001, California, United States",D&R,California,GOOGLE
"95672, California, United States",D&R,California,GOOGLE
"90049, California, United States",D&R,California,GOOGLE
"92358, California, United States",D&R,California,GOOGLE
"92371, California, United States",D&R,California,GOOGLE
"92220, California, United States",D&R,California,GOOGLE
"92570, California, United States",D&R,California,GOOGLE
"94116, California, United States",D&R,California,GOOGLE
"90247, California, United States",D&R,California,GOOGLE
"92201, California, United States",D&R,California,GOOGLE
"94720, California, United States",D&R,California,GOOGLE
"92543, California, United States",D&R,California,GOOGLE
"93737, California, United States",D&R,California,GOOGLE
"90803, California, United States",D&R,California,GOOGLE
"95062, California, United States",D&R,California,GOOGLE
"90403, California, United States",D&R,California,GOOGLE
"95746, California, United States",D&R,California,GOOGLE
"93063, California, United States",D&R,California,GOOGLE
"92321, California, United States",D&R,California,GOOGLE
"92236, California, United States",D&R,California,GOOGLE
"93710, California, United States",D&R,California,GOOGLE
"94544, California, United States",D&R,California,GOOGLE
"95023, California, United States",D&R,California,GOOGLE
"92037, California, United States",D&R,California,GOOGLE
"94507, California, United States",D&R,California,GOOGLE
"92868, California, United States",D&R,California,GOOGLE
"92604, California, United States",D&R,California,GOOGLE
"92675, California, United States",D&R,California,GOOGLE
"95660, California, United States",D&R,California,GOOGLE
"94110, California, United States",D&R,California,GOOGLE
"90037, California, United States",D&R,California,GOOGLE
"93510, California, United States",D&R,California,GOOGLE
"92067, California, United States",D&R,California,GOOGLE
"95336, California, United States",D&R,California,GOOGLE
"90028, California, United States",D&R,California,GOOGLE
"94060, California, United States",D&R,California,GOOGLE
"90071, California, United States",D&R,California,GOOGLE
"94937, California, United States",D&R,California,GOOGLE
"94014, California, United States",D&R,California,GOOGLE
"92024, California, United States",D&R,California,GOOGLE
"94533, California, United States",D&R,California,GOOGLE
"92845, California, United States",D&R,California,GOOGLE
"91708, California, United States",D&R,California,GOOGLE
"90240, California, United States",D&R,California,GOOGLE
"95658, California, United States",D&R,California,GOOGLE
"94938, California, United States",D&R,California,GOOGLE
"91723, California, United States",D&R,California,GOOGLE
"94549, California, United States",D&R,California,GOOGLE
"91202, California, United States",D&R,California,GOOGLE
"95610, California, United States",D&R,California,GOOGLE
"92392, California, United States",D&R,California,GOOGLE
"91711, California, United States",D&R,California,GOOGLE
"94303, California, United States",D&R,California,GOOGLE
"93609, California, United States",D&R,California,GOOGLE
"94526, California, United States",D&R,California,GOOGLE
"95602, California, United States",D&R,California,GOOGLE
"95382, California, United States",D&R,California,GOOGLE
"91204, California, United States",D&R,California,GOOGLE
"93726, California, United States",D&R,California,GOOGLE
"92139, California, United States",D&R,California,GOOGLE
"93616, California, United States",D&R,California,GOOGLE
"94040, California, United States",D&R,California,GOOGLE
"94115, California, United States",D&R,California,GOOGLE
"91344, California, United States",D&R,California,GOOGLE
"92557, California, United States",D&R,California,GOOGLE
"91325, California, United States",D&R,California,GOOGLE
"90740, California, United States",D&R,California,GOOGLE
"90242, California, United States",D&R,California,GOOGLE
"91763, California, United States",D&R,California,GOOGLE
"92376, California, United States",D&R,California,GOOGLE
"95757, California, United States",D&R,California,GOOGLE
"92887, California, United States",D&R,California,GOOGLE
"92040, California, United States",D&R,California,GOOGLE
"92677, California, United States",D&R,California,GOOGLE
"91730, California, United States",D&R,California,GOOGLE
"94124, California, United States",D&R,California,GOOGLE
"94571, California, United States",D&R,California,GOOGLE
"91011, California, United States",D&R,California,GOOGLE
"93111, California, United States",D&R,California,GOOGLE
"90201, California, United States",D&R,California,GOOGLE
"90089, California, United States",D&R,California,GOOGLE
"95836, California, United States",D&R,California,GOOGLE
"91354, California, United States",D&R,California,GOOGLE
"92008, California, United States",D&R,California,GOOGLE
"94066, California, United States",D&R,California,GOOGLE
"91770, California, United States",D&R,California,GOOGLE
"92061, California, United States",D&R,California,GOOGLE
"90680, California, United States",D&R,California,GOOGLE
"95693, California, United States",D&R,California,GOOGLE
"92346, California, United States",D&R,California,GOOGLE
"91301, California, United States",D&R,California,GOOGLE
"92071, California, United States",D&R,California,GOOGLE
"94930, California, United States",D&R,California,GOOGLE
"91108, California, United States",D&R,California,GOOGLE
"90069, California, United States",D&R,California,GOOGLE
"90222, California, United States",D&R,California,GOOGLE
"94605, California, United States",D&R,California,GOOGLE
"90027, California, United States",D&R,California,GOOGLE
"94103, California, United States",D&R,California,GOOGLE
"95638, California, United States",D&R,California,GOOGLE
"94621, California, United States",D&R,California,GOOGLE
"91601, California, United States",D&R,California,GOOGLE
"93022, California, United States",D&R,California,GOOGLE
"92028, California, United States",D&R,California,GOOGLE
"94579, California, United States",D&R,California,GOOGLE
"90265, California, United States",D&R,California,GOOGLE
"94508, California, United States",D&R,California,GOOGLE
"95635, California, United States",D&R,California,GOOGLE
"92587, California, United States",D&R,California,GOOGLE
"94583, California, United States",D&R,California,GOOGLE
"93117, California, United States",D&R,California,GOOGLE
"94085, California, United States",D&R,California,GOOGLE
"95054, California, United States",D&R,California,GOOGLE
"93901, California, United States",D&R,California,GOOGLE
"95830, California, United States",D&R,California,GOOGLE
"95317, California, United States",D&R,California,GOOGLE
"92354, California, United States",D&R,California,GOOGLE
"93654, California, United States",D&R,California,GOOGLE
"90010, California, United States",D&R,California,GOOGLE
"92230, California, United States",D&R,California,GOOGLE
"93274, California, United States",D&R,California,GOOGLE
"93723, California, United States",D&R,California,GOOGLE
"95901, California, United States",D&R,California,GOOGLE
"94708, California, United States",D&R,California,GOOGLE
"95946, California, United States",D&R,California,GOOGLE
"93013, California, United States",D&R,California,GOOGLE
"94402, California, United States",D&R,California,GOOGLE
"94403, California, United States",D&R,California,GOOGLE
"95957, California, United States",D&R,California,GOOGLE
"94576, California, United States",D&R,California,GOOGLE
"95112, California, United States",D&R,California,GOOGLE
"90277, California, United States",D&R,California,GOOGLE
"92211, California, United States",D&R,California,GOOGLE
"92301, California, United States",D&R,California,GOOGLE
"95620, California, United States",D&R,California,GOOGLE
"91945, California, United States",D&R,California,GOOGLE
"92614, California, United States",D&R,California,GOOGLE
"91352, California, United States",D&R,California,GOOGLE
"94608, California, United States",D&R,California,GOOGLE
"93625, California, United States",D&R,California,GOOGLE
"92841, California, United States",D&R,California,GOOGLE
"90241, California, United States",D&R,California,GOOGLE
"94965, California, United States",D&R,California,GOOGLE
"90270, California, United States",D&R,California,GOOGLE
"92264, California, United States",D&R,California,GOOGLE
"90077, California, United States",D&R,California,GOOGLE
"95838, California, United States",D&R,California,GOOGLE
"95637, California, United States",D&R,California,GOOGLE
"92327, California, United States",D&R,California,GOOGLE
"90255, California, United States",D&R,California,GOOGLE
"93610, California, United States",D&R,California,GOOGLE
"94010, California, United States",D&R,California,GOOGLE
"95110, California, United States",D&R,California,GOOGLE
"95678, California, United States",D&R,California,GOOGLE
"95032, California, United States",D&R,California,GOOGLE
"94401, California, United States",D&R,California,GOOGLE
"93630, California, United States",D&R,California,GOOGLE
"93551, California, United States",D&R,California,GOOGLE
"91367, California, United States",D&R,California,GOOGLE
"92624, California, United States",D&R,California,GOOGLE
"94065, California, United States",D&R,California,GOOGLE
"95012, California, United States",D&R,California,GOOGLE
"92117, California, United States",D&R,California,GOOGLE
"92583, California, United States",D&R,California,GOOGLE
"90275, California, United States",D&R,California,GOOGLE
"93615, California, United States",D&R,California,GOOGLE
"91978, California, United States",D&R,California,GOOGLE
"95818, California, United States",D&R,California,GOOGLE
"93064, California, United States",D&R,California,GOOGLE
"93631, California, United States",D&R,California,GOOGLE
"90603, California, United States",D&R,California,GOOGLE
"94803, California, United States",D&R,California,GOOGLE
"95822, California, United States",D&R,California,GOOGLE
"94565, California, United States",D&R,California,GOOGLE
"92145, California, United States",D&R,California,GOOGLE
"93272, California, United States",D&R,California,GOOGLE
"95903, California, United States",D&R,California,GOOGLE
"92262, California, United States",D&R,California,GOOGLE
"90631, California, United States",D&R,California,GOOGLE
"91042, California, United States",D&R,California,GOOGLE
"90021, California, United States",D&R,California,GOOGLE
"93101, California, United States",D&R,California,GOOGLE
"95116, California, United States",D&R,California,GOOGLE
"92840, California, United States",D&R,California,GOOGLE
"95626, California, United States",D&R,California,GOOGLE
"94619, California, United States",D&R,California,GOOGLE
"91214, California, United States",D&R,California,GOOGLE
"90232, California, United States",D&R,California,GOOGLE
"95670, California, United States",D&R,California,GOOGLE
"95039, California, United States",D&R,California,GOOGLE
"94123, California, United States",D&R,California,GOOGLE
"95050, California, United States",D&R,California,GOOGLE
"92507, California, United States",D&R,California,GOOGLE
"90710, California, United States",D&R,California,GOOGLE
"93544, California, United States",D&R,California,GOOGLE
"93221, California, United States",D&R,California,GOOGLE
"91361, California, United States",D&R,California,GOOGLE
"90744, California, United States",D&R,California,GOOGLE
"95304, California, United States",D&R,California,GOOGLE
"91340, California, United States",D&R,California,GOOGLE
"91007, California, United States",D&R,California,GOOGLE
"94516, California, United States",D&R,California,GOOGLE
"94963, California, United States",D&R,California,GOOGLE
"95140, California, United States",D&R,California,GOOGLE
"92562, California, United States",D&R,California,GOOGLE
"93536, California, United States",D&R,California,GOOGLE
"92325, California, United States",D&R,California,GOOGLE
"95237, California, United States",D&R,California,GOOGLE
"95832, California, United States",D&R,California,GOOGLE
"93036, California, United States",D&R,California,GOOGLE
"92648, California, United States",D&R,California,GOOGLE
"95037, California, United States",D&R,California,GOOGLE
"91302, California, United States",D&R,California,GOOGLE
"94131, California, United States",D&R,California,GOOGLE
"91207, California, United States",D&R,California,GOOGLE
"95075, California, United States",D&R,California,GOOGLE
"95376, California, United States",D&R,California,GOOGLE
"91803, California, United States",D&R,California,GOOGLE
"95667, California, United States",D&R,California,GOOGLE
"91403, California, United States",D&R,California,GOOGLE
"93242, California, United States",D&R,California,GOOGLE
"92284, California, United States",D&R,California,GOOGLE
"92084, California, United States",D&R,California,GOOGLE
"95357, California, United States",D&R,California,GOOGLE
"95316, California, United States",D&R,California,GOOGLE
"95313, California, United States",D&R,California,GOOGLE
"94122, California, United States",D&R,California,GOOGLE
"92210, California, United States",D&R,California,GOOGLE
"92241, California, United States",D&R,California,GOOGLE
"92882, California, United States",D&R,California,GOOGLE
"95982, California, United States",D&R,California,GOOGLE
"91502, California, United States",D&R,California,GOOGLE
"90272, California, United States",D&R,California,GOOGLE
"91345, California, United States",D&R,California,GOOGLE
"93543, California, United States",D&R,California,GOOGLE
"95633, California, United States",D&R,California,GOOGLE
"95993, California, United States",D&R,California,GOOGLE
"95365, California, United States",D&R,California,GOOGLE
"95236, California, United States",D&R,California,GOOGLE
"92131, California, United States",D&R,California,GOOGLE
"91914, California, United States",D&R,California,GOOGLE
"94546, California, United States",D&R,California,GOOGLE
"92027, California, United States",D&R,California,GOOGLE
"94601, California, United States",D&R,California,GOOGLE
"94080, California, United States",D&R,California,GOOGLE
"91606, California, United States",D&R,California,GOOGLE
"92679, California, United States",D&R,California,GOOGLE
"93923, California, United States",D&R,California,GOOGLE
"92691, California, United States",D&R,California,GOOGLE
"95686, California, United States",D&R,California,GOOGLE
"92391, California, United States",D&R,California,GOOGLE
"90840, California, United States",D&R,California,GOOGLE
"91762, California, United States",D&R,California,GOOGLE
"94128, California, United States",D&R,California,GOOGLE
"95131, California, United States",D&R,California,GOOGLE
"94519, California, United States",D&R,California,GOOGLE
"92869, California, United States",D&R,California,GOOGLE
"91504, California, United States",D&R,California,GOOGLE
"92026, California, United States",D&R,California,GOOGLE
"91910, California, United States",D&R,California,GOOGLE
"92020, California, United States",D&R,California,GOOGLE
"93612, California, United States",D&R,California,GOOGLE
"91915, California, United States",D&R,California,GOOGLE
"93012, California, United States",D&R,California,GOOGLE
"94960, California, United States",D&R,California,GOOGLE
"94924, California, United States",D&R,California,GOOGLE
"91722, California, United States",D&R,California,GOOGLE
"95945, California, United States",D&R,California,GOOGLE
"90713, California, United States",D&R,California,GOOGLE
"92136, California, United States",D&R,California,GOOGLE
"92563, California, United States",D&R,California,GOOGLE
"93636, California, United States",D&R,California,GOOGLE
"95682, California, United States",D&R,California,GOOGLE
"92260, California, United States",D&R,California,GOOGLE
"93933, California, United States",D&R,California,GOOGLE
"94037, California, United States",D&R,California,GOOGLE
"93040, California, United States",D&R,California,GOOGLE
"92692, California, United States",D&R,California,GOOGLE
"92780, California, United States",D&R,California,GOOGLE
"93110, California, United States",D&R,California,GOOGLE
"95207, California, United States",D&R,California,GOOGLE
"93908, California, United States",D&R,California,GOOGLE
"92107, California, United States",D&R,California,GOOGLE
"94024, California, United States",D&R,California,GOOGLE
"95641, California, United States",D&R,California,GOOGLE
"92134, California, United States",D&R,California,GOOGLE
"94586, California, United States",D&R,California,GOOGLE
"90808, California, United States",D&R,California,GOOGLE
"91784, California, United States",D&R,California,GOOGLE
"95864, California, United States",D&R,California,GOOGLE
"93955, California, United States",D&R,California,GOOGLE
"91709, California, United States",D&R,California,GOOGLE
"92019, California, United States",D&R,California,GOOGLE
"93953, California, United States",D&R,California,GOOGLE
"94945, California, United States",D&R,California,GOOGLE
"94703, California, United States",D&R,California,GOOGLE
"91604, California, United States",D&R,California,GOOGLE
"92603, California, United States",D&R,California,GOOGLE
"94535, California, United States",D&R,California,GOOGLE
"92860, California, United States",D&R,California,GOOGLE
"92866, California, United States",D&R,California,GOOGLE
"95337, California, United States",D&R,California,GOOGLE
"94112, California, United States",D&R,California,GOOGLE
"90670, California, United States",D&R,California,GOOGLE
"94578, California, United States",D&R,California,GOOGLE
"93950, California, United States",D&R,California,GOOGLE
"92831, California, United States",D&R,California,GOOGLE
"94611, California, United States",D&R,California,GOOGLE
"90041, California, United States",D&R,California,GOOGLE
"92315, California, United States",D&R,California,GOOGLE
"95211, California, United States",D&R,California,GOOGLE
"92308, California, United States",D&R,California,GOOGLE
"95608, California, United States",D&R,California,GOOGLE
"90058, California, United States",D&R,California,GOOGLE
"92105, California, United States",D&R,California,GOOGLE
"92003, California, United States",D&R,California,GOOGLE
"94105, California, United States",D&R,California,GOOGLE
"94946, California, United States",D&R,California,GOOGLE
"90305, California, United States",D&R,California,GOOGLE
"90601, California, United States",D&R,California,GOOGLE
"91789, California, United States",D&R,California,GOOGLE
"94134, California, United States",D&R,California,GOOGLE
"94555, California, United States",D&R,California,GOOGLE
"92843, California, United States",D&R,California,GOOGLE
"91016, California, United States",D&R,California,GOOGLE
"93251, California, United States",D&R,California,GOOGLE
"92083, California, United States",D&R,California,GOOGLE
"94089, California, United States",D&R,California,GOOGLE
"95005, California, United States",D&R,California,GOOGLE
"92341, California, United States",D&R,California,GOOGLE
"94590, California, United States",D&R,California,GOOGLE
"91745, California, United States",D&R,California,GOOGLE
"92111, California, United States",D&R,California,GOOGLE
"91950, California, United States",D&R,California,GOOGLE
"91737, California, United States",D&R,California,GOOGLE
"90045, California, United States",D&R,California,GOOGLE
"95687, California, United States",D&R,California,GOOGLE
"91750, California, United States",D&R,California,GOOGLE
"94804, California, United States",D&R,California,GOOGLE
"90606, California, United States",D&R,California,GOOGLE
"92014, California, United States",D&R,California,GOOGLE
"95664, California, United States",D&R,California,GOOGLE
"92591, California, United States",D&R,California,GOOGLE
"95616, California, United States",D&R,California,GOOGLE
"95377, California, United States",D&R,California,GOOGLE
"94588, California, United States",D&R,California,GOOGLE
"95690, California, United States",D&R,California,GOOGLE
"90056, California, United States",D&R,California,GOOGLE
"95206, California, United States",D&R,California,GOOGLE
"91765, California, United States",D&R,California,GOOGLE
"90248, California, United States",D&R,California,GOOGLE
"92253, California, United States",D&R,California,GOOGLE
"92374, California, United States",D&R,California,GOOGLE
"92805, California, United States",D&R,California,GOOGLE
"92555, California, United States",D&R,California,GOOGLE
"95621, California, United States",D&R,California,GOOGLE
"93277, California, United States",D&R,California,GOOGLE
"94702, California, United States",D&R,California,GOOGLE
"95841, California, United States",D&R,California,GOOGLE
"94514, California, United States",D&R,California,GOOGLE
"94520, California, United States",D&R,California,GOOGLE
"90063, California, United States",D&R,California,GOOGLE
"95326, California, United States",D&R,California,GOOGLE
"90501, California, United States",D&R,California,GOOGLE
"92551, California, United States",D&R,California,GOOGLE
"90061, California, United States",D&R,California,GOOGLE
"94547, California, United States",D&R,California,GOOGLE
"95320, California, United States",D&R,California,GOOGLE
"94531, California, United States",D&R,California,GOOGLE
"93657, California, United States",D&R,California,GOOGLE
"90814, California, United States",D&R,California,GOOGLE
"92625, California, United States",D&R,California,GOOGLE
"93626, California, United States",D&R,California,GOOGLE
"93066, California, United States",D&R,California,GOOGLE
"95648, California, United States",D&R,California,GOOGLE
"95124, California, United States",D&R,California,GOOGLE
"95219, California, United States",D&R,California,GOOGLE
"92128, California, United States",D&R,California,GOOGLE
"91105, California, United States",D&R,California,GOOGLE
"92861, California, United States",D&R,California,GOOGLE
"94706, California, United States",D&R,California,GOOGLE
"91733, California, United States",D&R,California,GOOGLE
"90293, California, United States",D&R,California,GOOGLE
"95341, California, United States",D&R,California,GOOGLE
"95126, California, United States",D&R,California,GOOGLE
"94560, California, United States",D&R,California,GOOGLE
"93001, California, United States",D&R,California,GOOGLE
"91201, California, United States",D&R,California,GOOGLE
"92011, California, United States",D&R,California,GOOGLE
"93925, California, United States",D&R,California,GOOGLE
"94020, California, United States",D&R,California,GOOGLE
"95220, California, United States",D&R,California,GOOGLE
"95363, California, United States",D&R,California,GOOGLE
"90712, California, United States",D&R,California,GOOGLE
"93701, California, United States",D&R,California,GOOGLE
"94107, California, United States",D&R,California,GOOGLE
"94585, California, United States",D&R,California,GOOGLE
"90650, California, United States",D&R,California,GOOGLE
"94109, California, United States",D&R,California,GOOGLE
"91791, California, United States",D&R,California,GOOGLE
"95209, California, United States",D&R,California,GOOGLE
"91423, California, United States",D&R,California,GOOGLE
"91350, California, United States",D&R,California,GOOGLE
"92703, California, United States",D&R,California,GOOGLE
"92879, California, United States",D&R,California,GOOGLE
"92347, California, United States",D&R,California,GOOGLE
"94074, California, United States",D&R,California,GOOGLE
"91773, California, United States",D&R,California,GOOGLE
"94566, California, United States",D&R,California,GOOGLE
"95006, California, United States",D&R,California,GOOGLE
"92339, California, United States",D&R,California,GOOGLE
"95066, California, United States",D&R,California,GOOGLE
"92694, California, United States",D&R,California,GOOGLE
"92506, California, United States",D&R,California,GOOGLE
"91963, California, United States",D&R,California,GOOGLE
"94111, California, United States",D&R,California,GOOGLE
"92240, California, United States",D&R,California,GOOGLE
"94513, California, United States",D&R,California,GOOGLE
"91360, California, United States",D&R,California,GOOGLE
"90007, California, United States",D&R,California,GOOGLE
"91710, California, United States",D&R,California,GOOGLE
"94404, California, United States",D&R,California,GOOGLE
"92274, California, United States",D&R,California,GOOGLE
"94589, California, United States",D&R,California,GOOGLE
"91024, California, United States",D&R,California,GOOGLE
"95231, California, United States",D&R,California,GOOGLE
"95612, California, United States",D&R,California,GOOGLE
"95619, California, United States",D&R,California,GOOGLE
"93638, California, United States",D&R,California,GOOGLE
"92883, California, United States",D&R,California,GOOGLE
"92688, California, United States",D&R,California,GOOGLE
"91775, California, United States",D&R,California,GOOGLE
"95205, California, United States",D&R,California,GOOGLE
"92651, California, United States",D&R,California,GOOGLE
"94710, California, United States",D&R,California,GOOGLE
"92356, California, United States",D&R,California,GOOGLE
"95366, California, United States",D&R,California,GOOGLE
"90023, California, United States",D&R,California,GOOGLE
"92880, California, United States",D&R,California,GOOGLE
"94564, California, United States",D&R,California,GOOGLE
"94002, California, United States",D&R,California,GOOGLE
"94506, California, United States",D&R,California,GOOGLE
"94709, California, United States",D&R,California,GOOGLE
"94044, California, United States",D&R,California,GOOGLE
"95762, California, United States",D&R,California,GOOGLE
"92592, California, United States",D&R,California,GOOGLE
"92223, California, United States",D&R,California,GOOGLE
"92025, California, United States",D&R,California,GOOGLE
"94595, California, United States",D&R,California,GOOGLE
"93944, California, United States",D&R,California,GOOGLE
"94940, California, United States",D&R,California,GOOGLE
"92140, California, United States",D&R,California,GOOGLE
"91767, California, United States",D&R,California,GOOGLE
"92324, California, United States",D&R,California,GOOGLE
"92582, California, United States",D&R,California,GOOGLE
"91311, California, United States",D&R,California,GOOGLE
"92313, California, United States",D&R,California,GOOGLE
"93591, California, United States",D&R,California,GOOGLE
"91320, California, United States",D&R,California,GOOGLE
"95070, California, United States",D&R,California,GOOGLE
"91377, California, United States",D&R,California,GOOGLE
"93252, California, United States",D&R,California,GOOGLE
"90057, California, United States",D&R,California,GOOGLE
"94567, California, United States",D&R,California,GOOGLE
"95361, California, United States",D&R,California,GOOGLE
"90040, California, United States",D&R,California,GOOGLE
"94603, California, United States",D&R,California,GOOGLE
"95961, California, United States",D&R,California,GOOGLE
"90805, California, United States",D&R,California,GOOGLE
"95821, California, United States",D&R,California,GOOGLE
"95340, California, United States",D&R,California,GOOGLE
"95033, California, United States",D&R,California,GOOGLE
"90034, California, United States",D&R,California,GOOGLE
"90211, California, United States",D&R,California,GOOGLE
"90012, California, United States",D&R,California,GOOGLE
"93611, California, United States",D&R,California,GOOGLE
"92078, California, United States",D&R,California,GOOGLE
"91744, California, United States",D&R,California,GOOGLE
"93704, California, United States",D&R,California,GOOGLE
"90621, California, United States",D&R,California,GOOGLE
"95119, California, United States",D&R,California,GOOGLE
"91103, California, United States",D&R,California,GOOGLE
"91776, California, United States",D&R,California,GOOGLE
"94541, California, United States",D&R,California,GOOGLE
"94043, California, United States",D&R,California,GOOGLE
"92378, California, United States",D&R,California,GOOGLE
"92173, California, United States",D&R,California,GOOGLE
"95240, California, United States",D&R,California,GOOGLE
"91324, California, United States",D&R,California,GOOGLE
"95127, California, United States",D&R,California,GOOGLE
"94102, California, United States",D&R,California,GOOGLE
"94538, California, United States",D&R,California,GOOGLE
"90008, California, United States",D&R,California,GOOGLE
"90717, California, United States",D&R,California,GOOGLE
"93725, California, United States",D&R,California,GOOGLE
"92009, California, United States",D&R,California,GOOGLE
"94530, California, United States",D&R,California,GOOGLE
"95018, California, United States",D&R,California,GOOGLE
"90067, California, United States",D&R,California,GOOGLE
"92401, California, United States",D&R,California,GOOGLE
"92835, California, United States",D&R,California,GOOGLE
"93637, California, United States",D&R,California,GOOGLE
"92021, California, United States",D&R,California,GOOGLE
"95709, California, United States",D&R,California,GOOGLE
"93103, California, United States",D&R,California,GOOGLE
"95623, California, United States",D&R,California,GOOGLE
"95136, California, United States",D&R,California,GOOGLE
"90732, California, United States",D&R,California,GOOGLE
"93651, California, United States",D&R,California,GOOGLE
"95014, California, United States",D&R,California,GOOGLE
"92807, California, United States",D&R,California,GOOGLE
"91913, California, United States",D&R,California,GOOGLE
"93230, California, United States",D&R,California,GOOGLE
"92108, California, United States",D&R,California,GOOGLE
"95202, California, United States",D&R,California,GOOGLE
"94062, California, United States",D&R,California,GOOGLE
"95351, California, United States",D&R,California,GOOGLE
"91732, California, United States",D&R,California,GOOGLE
"95842, California, United States",D&R,California,GOOGLE
"90262, California, United States",D&R,California,GOOGLE
"92532, California, United States",D&R,California,GOOGLE
"94801, California, United States",D&R,California,GOOGLE
"90807, California, United States",D&R,California,GOOGLE
"95134, California, United States",D&R,California,GOOGLE
"93702, California, United States",D&R,California,GOOGLE
"94559, California, United States",D&R,California,GOOGLE
"95661, California, United States",D&R,California,GOOGLE
"92590, California, United States",D&R,California,GOOGLE
"90064, California, United States",D&R,California,GOOGLE
"92276, California, United States",D&R,California,GOOGLE
"92518, California, United States",D&R,California,GOOGLE
"92653, California, United States",D&R,California,GOOGLE
"90059, California, United States",D&R,California,GOOGLE
"95826, California, United States",D&R,California,GOOGLE
"92672, California, United States",D&R,California,GOOGLE
"90301, California, United States",D&R,California,GOOGLE
"94510, California, United States",D&R,California,GOOGLE
"92804, California, United States",D&R,California,GOOGLE
"94574, California, United States",D&R,California,GOOGLE
"90044, California, United States",D&R,California,GOOGLE
"94305, California, United States",D&R,California,GOOGLE
"94015, California, United States",D&R,California,GOOGLE
"95065, California, United States",D&R,California,GOOGLE
"92586, California, United States",D&R,California,GOOGLE
"95953, California, United States",D&R,California,GOOGLE
"94553, California, United States",D&R,California,GOOGLE
"90210, California, United States",D&R,California,GOOGLE
"92663, California, United States",D&R,California,GOOGLE
"90604, California, United States",D&R,California,GOOGLE
"95132, California, United States",D&R,California,GOOGLE
"95129, California, United States",D&R,California,GOOGLE
"91387, California, United States",D&R,California,GOOGLE
"93705, California, United States",D&R,California,GOOGLE
"91405, California, United States",D&R,California,GOOGLE
"92536, California, United States",D&R,California,GOOGLE
"93532, California, United States",D&R,California,GOOGLE
"94503, California, United States",D&R,California,GOOGLE
"94933, California, United States",D&R,California,GOOGLE
"92704, California, United States",D&R,California,GOOGLE
"95008, California, United States",D&R,California,GOOGLE
"90047, California, United States",D&R,California,GOOGLE
"94606, California, United States",D&R,California,GOOGLE
"91010, California, United States",D&R,California,GOOGLE
"94920, California, United States",D&R,California,GOOGLE
"91932, California, United States",D&R,California,GOOGLE
"92676, California, United States",D&R,California,GOOGLE
"90032, California, United States",D&R,California,GOOGLE
"91768, California, United States",D&R,California,GOOGLE
"91801, California, United States",D&R,California,GOOGLE
"92102, California, United States",D&R,California,GOOGLE
"95837, California, United States",D&R,California,GOOGLE
"94063, California, United States",D&R,California,GOOGLE
"95380, California, United States",D&R,California,GOOGLE
"90266, California, United States",D&R,California,GOOGLE
"95918, California, United States",D&R,California,GOOGLE
"94019, California, United States",D&R,California,GOOGLE
"95698, California, United States",D&R,California,GOOGLE
"91792, California, United States",D&R,California,GOOGLE
"95673, California, United States",D&R,California,GOOGLE
"94536, California, United States",D&R,California,GOOGLE
"92081, California, United States",D&R,California,GOOGLE
"95713, California, United States",D&R,California,GOOGLE
"90813, California, United States",D&R,California,GOOGLE
"90002, California, United States",D&R,California,GOOGLE
"95937, California, United States",D&R,California,GOOGLE
"90094, California, United States",D&R,California,GOOGLE
"94114, California, United States",D&R,California,GOOGLE
"90723, California, United States",D&R,California,GOOGLE
"90230, California, United States",D&R,California,GOOGLE
"92118, California, United States",D&R,California,GOOGLE
"91759, California, United States",D&R,California,GOOGLE
"92802, California, United States",D&R,California,GOOGLE
"93552, California, United States",D&R,California,GOOGLE
"91351, California, United States",D&R,California,GOOGLE
"90029, California, United States",D&R,California,GOOGLE
"92120, California, United States",D&R,California,GOOGLE
"92620, California, United States",D&R,California,GOOGLE
"95831, California, United States",D&R,California,GOOGLE
"93534, California, United States",D&R,California,GOOGLE
"94121, California, United States",D&R,California,GOOGLE
"91752, California, United States",D&R,California,GOOGLE
"95258, California, United States",D&R,California,GOOGLE
"92268, California, United States",D&R,California,GOOGLE
"95703, California, United States",D&R,California,GOOGLE
"94552, California, United States",D&R,California,GOOGLE
"91607, California, United States",D&R,California,GOOGLE
"90620, California, United States",D&R,California,GOOGLE
"94901, California, United States",D&R,California,GOOGLE
"90755, California, United States",D&R,California,GOOGLE
"91307, California, United States",D&R,California,GOOGLE
"95614, California, United States",D&R,California,GOOGLE
"90004, California, United States",D&R,California,GOOGLE
"90715, California, United States",D&R,California,GOOGLE
"94607, California, United States",D&R,California,GOOGLE
"94904, California, United States",D&R,California,GOOGLE
"95742, California, United States",D&R,California,GOOGLE
"93553, California, United States",D&R,California,GOOGLE
"95692, California, United States",D&R,California,GOOGLE
"90026, California, United States",D&R,California,GOOGLE
"95328, California, United States",D&R,California,GOOGLE
"95386, California, United States",D&R,California,GOOGLE
"95306, California, United States",D&R,California,GOOGLE
"94598, California, United States",D&R,California,GOOGLE
"90815, California, United States",D&R,California,GOOGLE
"95688, California, United States",D&R,California,GOOGLE
"92103, California, United States",D&R,California,GOOGLE
"92096, California, United States",D&R,California,GOOGLE
"94501, California, United States",D&R,California,GOOGLE
"91208, California, United States",D&R,California,GOOGLE
"95815, California, United States",D&R,California,GOOGLE
"94939, California, United States",D&R,California,GOOGLE
"90220, California, United States",D&R,California,GOOGLE
"92203, California, United States",D&R,California,GOOGLE
"93924, California, United States",D&R,California,GOOGLE
"94705, California, United States",D&R,California,GOOGLE
"95655, California, United States",D&R,California,GOOGLE
"92093, California, United States",D&R,California,GOOGLE
"95356, California, United States",D&R,California,GOOGLE
"92305, California, United States",D&R,California,GOOGLE
"92806, California, United States",D&R,California,GOOGLE
"92637, California, United States",D&R,California,GOOGLE
"92082, California, United States",D&R,California,GOOGLE
"90623, California, United States",D&R,California,GOOGLE
"92870, California, United States",D&R,California,GOOGLE
"95695, California, United States",D&R,California,GOOGLE
"91754, California, United States",D&R,California,GOOGLE
"92058, California, United States",D&R,California,GOOGLE
"90033, California, United States",D&R,California,GOOGLE
"91205, California, United States",D&R,California,GOOGLE
"92647, California, United States",D&R,California,GOOGLE
"94580, California, United States",D&R,California,GOOGLE
"91755, California, United States",D&R,California,GOOGLE
"95833, California, United States",D&R,California,GOOGLE
"92881, California, United States",D&R,California,GOOGLE
"94568, California, United States",D&R,California,GOOGLE
"91411, California, United States",D&R,California,GOOGLE
"95004, California, United States",D&R,California,GOOGLE
"91724, California, United States",D&R,California,GOOGLE
"92661, California, United States",D&R,California,GOOGLE
"91977, California, United States",D&R,California,GOOGLE
"91206, California, United States",D&R,California,GOOGLE
"95827, California, United States",D&R,California,GOOGLE
"92007, California, United States",D&R,California,GOOGLE
"90035, California, United States",D&R,California,GOOGLE
"92110, California, United States",D&R,California,GOOGLE
"94805, California, United States",D&R,California,GOOGLE
"94087, California, United States",D&R,California,GOOGLE
"90039, California, United States",D&R,California,GOOGLE
"92808, California, United States",D&R,California,GOOGLE
"91506, California, United States",D&R,California,GOOGLE
"90701, California, United States",D&R,California,GOOGLE
"94545, California, United States",D&R,California,GOOGLE
"92344, California, United States",D&R,California,GOOGLE
"91356, California, United States",D&R,California,GOOGLE
"95977, California, United States",D&R,California,GOOGLE
"95138, California, United States",D&R,California,GOOGLE
"90804, California, United States",D&R,California,GOOGLE
"92571, California, United States",D&R,California,GOOGLE
"92501, California, United States",D&R,California,GOOGLE
"95776, California, United States",D&R,California,GOOGLE
"95242, California, United States",D&R,California,GOOGLE
"91390, California, United States",D&R,California,GOOGLE
"92124, California, United States",D&R,California,GOOGLE
"94542, California, United States",D&R,California,GOOGLE
"92415, California, United States",D&R,California,GOOGLE
"94158, California, United States",D&R,California,GOOGLE
"95677, California, United States",D&R,California,GOOGLE
"94587, California, United States",D&R,California,GOOGLE
"90802, California, United States",D&R,California,GOOGLE
"93030, California, United States",D&R,California,GOOGLE
"92821, California, United States",D&R,California,GOOGLE
"95828, California, United States",D&R,California,GOOGLE
"94086, California, United States",D&R,California,GOOGLE
"90020, California, United States",D&R,California,GOOGLE
"95765, California, United States",D&R,California,GOOGLE
"95073, California, United States",D&R,California,GOOGLE
"90303, California, United States",D&R,California,GOOGLE
"95354, California, United States",D&R,California,GOOGLE
"95607, California, United States",D&R,California,GOOGLE
"92395, California, United States",D&R,California,GOOGLE
"90290, California, United States",D&R,California,GOOGLE
"94534, California, United States",D&R,California,GOOGLE
"92683, California, United States",D&R,California,GOOGLE
"92010, California, United States",D&R,California,GOOGLE
"95829, California, United States",D&R,California,GOOGLE
"95323, California, United States",D&R,California,GOOGLE
"94704, California, United States",D&R,California,GOOGLE
"92119, California, United States",D&R,California,GOOGLE
"93648, California, United States",D&R,California,GOOGLE
"95834, California, United States",D&R,California,GOOGLE
"92311, California, United States",D&R,California,GOOGLE
"92337, California, United States",D&R,California,GOOGLE
"90015, California, United States",D&R,California,GOOGLE
"91911, California, United States",D&R,California,GOOGLE
"90720, California, United States",D&R,California,GOOGLE
"92844, California, United States",D&R,California,GOOGLE
"90065, California, United States",D&R,California,GOOGLE
"94597, California, United States",D&R,California,GOOGLE
"92252, California, United States",D&R,California,GOOGLE
"91331, California, United States",D&R,California,GOOGLE
"91764, California, United States",D&R,California,GOOGLE
"93065, California, United States",D&R,California,GOOGLE
"92342, California, United States",D&R,California,GOOGLE
"90046, California, United States",D&R,California,GOOGLE
"94127, California, United States",D&R,California,GOOGLE
"94301, California, United States",D&R,California,GOOGLE
"92109, California, United States",D&R,California,GOOGLE
"92398, California, United States",D&R,California,GOOGLE
"95113, California, United States",D&R,California,GOOGLE
"95758, California, United States",D&R,California,GOOGLE
"92126, California, United States",D&R,California,GOOGLE
"92612, California, United States",D&R,California,GOOGLE
"95819, California, United States",D&R,California,GOOGLE
"90062, California, United States",D&R,California,GOOGLE
"95230, California, United States",D&R,California,GOOGLE
"95606, California, United States",D&R,California,GOOGLE
"92182, California, United States",D&R,California,GOOGLE
"94133, California, United States",D&R,California,GOOGLE
"92336, California, United States",D&R,California,GOOGLE
"92627, California, United States",D&R,California,GOOGLE
"91761, California, United States",D&R,California,GOOGLE
"93035, California, United States",D&R,California,GOOGLE
"94304, California, United States",D&R,California,GOOGLE
"94618, California, United States",D&R,California,GOOGLE
"92179, California, United States",D&R,California,GOOGLE
"92060, California, United States",D&R,California,GOOGLE
"90502, California, United States",D&R,California,GOOGLE
"94949, California, United States",D&R,California,GOOGLE
"95681, California, United States",D&R,California,GOOGLE
"91739, California, United States",D&R,California,GOOGLE
"91106, California, United States",D&R,California,GOOGLE
"93721, California, United States",D&R,California,GOOGLE
"92823, California, United States",D&R,California,GOOGLE
"92705, California, United States",D&R,California,GOOGLE
"92561, California, United States",D&R,California,GOOGLE
"92407, California, United States",D&R,California,GOOGLE
"94556, California, United States",D&R,California,GOOGLE
"93003, California, United States",D&R,California,GOOGLE
"90022, California, United States",D&R,California,GOOGLE
"92368, California, United States",D&R,California,GOOGLE
"92307, California, United States",D&R,California,GOOGLE
"92673, California, United States",D&R,California,GOOGLE
"94117, California, United States",D&R,California,GOOGLE
"95824, California, United States",D&R,California,GOOGLE
"94563, California, United States",D&R,California,GOOGLE
"90280, California, United States",D&R,California,GOOGLE
"92617, California, United States",D&R,California,GOOGLE
"95627, California, United States",D&R,California,GOOGLE
"92545, California, United States",D&R,California,GOOGLE
"93015, California, United States",D&R,California,GOOGLE
"91780, California, United States",D&R,California,GOOGLE
"92408, California, United States",D&R,California,GOOGLE
"92059, California, United States",D&R,California,GOOGLE
"90506, California, United States",D&R,California,GOOGLE
"91203, California, United States",D&R,California,GOOGLE
"94612, California, United States",D&R,California,GOOGLE
"94132, California, United States",D&R,California,GOOGLE
"94061, California, United States",D&R,California,GOOGLE
"93256, California, United States",D&R,California,GOOGLE
"91104, California, United States",D&R,California,GOOGLE
"93730, California, United States",D&R,California,GOOGLE
"95135, California, United States",D&R,California,GOOGLE
"93060, California, United States",D&R,California,GOOGLE
"93535, California, United States",D&R,California,GOOGLE
"90274, California, United States",D&R,California,GOOGLE
"90066, California, United States",D&R,California,GOOGLE
"91706, California, United States",D&R,California,GOOGLE
"93940, California, United States",D&R,California,GOOGLE
"92359, California, United States",D&R,California,GOOGLE
"92377, California, United States",D&R,California,GOOGLE
"92505, California, United States",D&R,California,GOOGLE
"93907, California, United States",D&R,California,GOOGLE
"90024, California, United States",D&R,California,GOOGLE
"91040, California, United States",D&R,California,GOOGLE
"95618, California, United States",D&R,California,GOOGLE
"91941, California, United States",D&R,California,GOOGLE
"93241, California, United States",D&R,California,GOOGLE
"95816, California, United States",D&R,California,GOOGLE
"92655, California, United States",D&R,California,GOOGLE
"93563, California, United States",D&R,California,GOOGLE
"94806, California, United States",D&R,California,GOOGLE
"90660, California, United States",D&R,California,GOOGLE
"95603, California, United States",D&R,California,GOOGLE
"91436, California, United States",D&R,California,GOOGLE
"92832, California, United States",D&R,California,GOOGLE
"90018, California, United States",D&R,California,GOOGLE
"92602, California, United States",D&R,California,GOOGLE
"95017, California, United States",D&R,California,GOOGLE
"94956, California, United States",D&R,California,GOOGLE
"92161, California, United States",D&R,California,GOOGLE
"90014, California, United States",D&R,California,GOOGLE
"94104, California, United States",D&R,California,GOOGLE
"91364, California, United States",D&R,California,GOOGLE
"93703, California, United States",D&R,California,GOOGLE
"92130, California, United States",D&R,California,GOOGLE
"95628, California, United States",D&R,California,GOOGLE
"95118, California, United States",D&R,California,GOOGLE
"93105, California, United States",D&R,California,GOOGLE
"93042, California, United States",D&R,California,GOOGLE
"92070, California, United States",D&R,California,GOOGLE
"95975, California, United States",D&R,California,GOOGLE
"95204, California, United States",D&R,California,GOOGLE
"95111, California, United States",D&R,California,GOOGLE
"95123, California, United States",D&R,California,GOOGLE
"92399, California, United States",D&R,California,GOOGLE
"91107, California, United States",D&R,California,GOOGLE
"91786, California, United States",D&R,California,GOOGLE
"95035, California, United States",D&R,California,GOOGLE
"90245, California, United States",D&R,California,GOOGLE
"94591, California, United States",D&R,California,GOOGLE
"92595, California, United States",D&R,California,GOOGLE
"95330, California, United States",D&R,California,GOOGLE
"90048, California, United States",D&R,California,GOOGLE
"95307, California, United States",D&R,California,GOOGLE
"95645, California, United States",D&R,California,GOOGLE
"92075, California, United States",D&R,California,GOOGLE
"92127, California, United States",D&R,California,GOOGLE
"94941, California, United States",D&R,California,GOOGLE
"90405, California, United States",D&R,California,GOOGLE
"95630, California, United States",D&R,California,GOOGLE
"95367, California, United States",D&R,California,GOOGLE
"93706, California, United States",D&R,California,GOOGLE
"90703, California, United States",D&R,California,GOOGLE
"92701, California, United States",D&R,California,GOOGLE
"91935, California, United States",D&R,California,GOOGLE
"91748, California, United States",D&R,California,GOOGLE
"92629, California, United States",D&R,California,GOOGLE
"92503, California, United States",D&R,California,GOOGLE
"94561, California, United States",D&R,California,GOOGLE
"95125, California, United States",D&R,California,GOOGLE
"91766, California, United States",D&R,California,GOOGLE
"95659, California, United States",D&R,California,GOOGLE
"92548, California, United States",D&R,California,GOOGLE
"91902, California, United States",D&R,California,GOOGLE
"93653, California, United States",D&R,California,GOOGLE
"93021, California, United States",D&R,California,GOOGLE
"93720, California, United States",D&R,California,GOOGLE
"93711, California, United States",D&R,California,GOOGLE
"95121, California, United States",D&R,California,GOOGLE
"94596, California, United States",D&R,California,GOOGLE
"91303, California, United States",D&R,California,GOOGLE
"90302, California, United States",D&R,California,GOOGLE
"92129, California, United States",D&R,California,GOOGLE
"95130, California, United States",D&R,California,GOOGLE
"90031, California, United States",D&R,California,GOOGLE
"95949, California, United States",D&R,California,GOOGLE
"95674, California, United States",D&R,California,GOOGLE
"92333, California, United States",D&R,California,GOOGLE
"95358, California, United States",D&R,California,GOOGLE
"90706, California, United States",D&R,California,GOOGLE
"92054, California, United States",D&R,California,GOOGLE
"94521, California, United States",D&R,California,GOOGLE
"91343, California, United States",D&R,California,GOOGLE
"95120, California, United States",D&R,California,GOOGLE
"94551, California, United States",D&R,California,GOOGLE
"90016, California, United States",D&R,California,GOOGLE
"92372, California, United States",D&R,California,GOOGLE
"95639, California, United States",D&R,California,GOOGLE
"95652, California, United States",D&R,California,GOOGLE
"93266, California, United States",D&R,California,GOOGLE
"95680, California, United States",D&R,California,GOOGLE
"94539, California, United States",D&R,California,GOOGLE
"92509, California, United States",D&R,California,GOOGLE
"92029, California, United States",D&R,California,GOOGLE
"92345, California, United States",D&R,California,GOOGLE
"91790, California, United States",D&R,California,GOOGLE
"92115, California, United States",D&R,California,GOOGLE
"95663, California, United States",D&R,California,GOOGLE
"90291, California, United States",D&R,California,GOOGLE
"90605, California, United States",D&R,California,GOOGLE
"94028, California, United States",D&R,California,GOOGLE
"94925, California, United States",D&R,California,GOOGLE
"91916, California, United States",D&R,California,GOOGLE
"90005, California, United States",D&R,California,GOOGLE
"95634, California, United States",D&R,California,GOOGLE
"91335, California, United States",D&R,California,GOOGLE
"90011, California, United States",D&R,California,GOOGLE
"92335, California, United States",D&R,California,GOOGLE
"92549, California, United States",D&R,California,GOOGLE
"91917, California, United States",D&R,California,GOOGLE
"90019, California, United States",D&R,California,GOOGLE
"93212, California, United States",D&R,California,GOOGLE
"95046, California, United States",D&R,California,GOOGLE
"90304, California, United States",D&R,California,GOOGLE
"93109, California, United States",D&R,California,GOOGLE
"95615, California, United States",D&R,California,GOOGLE
"95210, California, United States",D&R,California,GOOGLE
"95825, California, United States",D&R,California,GOOGLE
"90249, California, United States",D&R,California,GOOGLE
"91306, California, United States",D&R,California,GOOGLE
"92234, California, United States",D&R,California,GOOGLE
"92657, California, United States",D&R,California,GOOGLE
"93292, California, United States",D&R,California,GOOGLE
"92660, California, United States",D&R,California,GOOGLE
"94550, California, United States",D&R,California,GOOGLE
"93662, California, United States",D&R,California,GOOGLE
"94707, California, United States",D&R,California,GOOGLE
"91384, California, United States",D&R,California,GOOGLE
"90638, California, United States",D&R,California,GOOGLE
"92707, California, United States",D&R,California,GOOGLE
"94558, California, United States",D&R,California,GOOGLE
"93041, California, United States",D&R,California,GOOGLE
"95823, California, United States",D&R,California,GOOGLE
"95133, California, United States",D&R,California,GOOGLE
"92544, California, United States",D&R,California,GOOGLE
"93619, California, United States",D&R,California,GOOGLE
"92508, California, United States",D&R,California,GOOGLE
"91101, California, United States",D&R,California,GOOGLE
"91355, California, United States",D&R,California,GOOGLE
"90254, California, United States",D&R,California,GOOGLE
"90013, California, United States",D&R,California,GOOGLE
"95051, California, United States",D&R,California,GOOGLE
"95003, California, United States",D&R,California,GOOGLE
"93267, California, United States",D&R,California,GOOGLE
"94041, California, United States",D&R,California,GOOGLE
"92405, California, United States",D&R,California,GOOGLE
"92567, California, United States",D&R,California,GOOGLE
"94592, California, United States",D&R,California,GOOGLE
"91931, California, United States",D&R,California,GOOGLE
"94964, California, United States",D&R,California,GOOGLE
"95360, California, United States",D&R,California,GOOGLE
"95814, California, United States",D&R,California,GOOGLE
"94505, California, United States",D&R,California,GOOGLE
"94306, California, United States",D&R,California,GOOGLE
"90602, California, United States",D&R,California,GOOGLE
"95391, California, United States",D&R,California,GOOGLE
"95747, California, United States",D&R,California,GOOGLE
"91702, California, United States",D&R,California,GOOGLE
"95991, California, United States",D&R,California,GOOGLE
"93550, California, United States",D&R,California,GOOGLE
"92320, California, United States",D&R,California,GOOGLE
"95835, California, United States",D&R,California,GOOGLE
"95333, California, United States",D&R,California,GOOGLE
"91020, California, United States",D&R,California,GOOGLE
"92585, California, United States",D&R,California,GOOGLE
"90745, California, United States",D&R,California,GOOGLE
"90043, California, United States",D&R,California,GOOGLE
"90630, California, United States",D&R,California,GOOGLE
"91731, California, United States",D&R,California,GOOGLE
"94118, California, United States",D&R,California,GOOGLE
"92122, California, United States",D&R,California,GOOGLE
"92056, California, United States",D&R,California,GOOGLE
"95632, California, United States",D&R,California,GOOGLE
"90095, California, United States",D&R,California,GOOGLE
"92314, California, United States",D&R,California,GOOGLE
"91342, California, United States",D&R,California,GOOGLE
"92646, California, United States",D&R,California,GOOGLE
"92539, California, United States",D&R,California,GOOGLE
"95631, California, United States",D&R,California,GOOGLE
"95368, California, United States",D&R,California,GOOGLE
"95676, California, United States",D&R,California,GOOGLE
"92154, California, United States",D&R,California,GOOGLE
"90036, California, United States",D&R,California,GOOGLE
"92610, California, United States",D&R,California,GOOGLE
"95076, California, United States",D&R,California,GOOGLE
"93247, California, United States",D&R,California,GOOGLE
"91316, California, United States",D&R,California,GOOGLE
"95691, California, United States",D&R,California,GOOGLE
"92606, California, United States",D&R,California,GOOGLE
"94022, California, United States",D&R,California,GOOGLE
"94025, California, United States",D&R,California,GOOGLE
"91304, California, United States",D&R,California,GOOGLE
"95212, California, United States",D&R,California,GOOGLE
"90810, California, United States",D&R,California,GOOGLE
"95717, California, United States",D&R,California,GOOGLE
"90017, California, United States",D&R,California,GOOGLE
"94970, California, United States",D&R,California,GOOGLE
"91980, California, United States",D&R,California,GOOGLE
"91402, California, United States",D&R,California,GOOGLE
"90221, California, United States",D&R,California,GOOGLE
"91501, California, United States",D&R,California,GOOGLE
"94509, California, United States",D&R,California,GOOGLE
"93728, California, United States",D&R,California,GOOGLE
"90505, California, United States",D&R,California,GOOGLE
"91605, California, United States",D&R,California,GOOGLE
"92069, California, United States",D&R,California,GOOGLE
"92867, California, United States",D&R,California,GOOGLE
"94005, California, United States",D&R,California,GOOGLE
"90068, California, United States",D&R,California,GOOGLE
"93656, California, United States",D&R,California,GOOGLE
"91942, California, United States",D&R,California,GOOGLE
"91401, California, United States",D&R,California,GOOGLE
"90038, California, United States",D&R,California,GOOGLE
"92656, California, United States",D&R,California,GOOGLE
"91505, California, United States",D&R,California,GOOGLE
"94027, California, United States",D&R,California,GOOGLE
"94957, California, United States",D&R,California,GOOGLE
"91381, California, United States",D&R,California,GOOGLE
"94973, California, United States",D&R,California,GOOGLE
"94523, California, United States",D&R,California,GOOGLE
"92397, California, United States",D&R,California,GOOGLE
"93905, California, United States",D&R,California,GOOGLE
"90025, California, United States",D&R,California,GOOGLE
"95030, California, United States",D&R,California,GOOGLE
"92865, California, United States",D&R,California,GOOGLE
"94502, California, United States",D&R,California,GOOGLE
"94129, California, United States",D&R,California,GOOGLE
"95385, California, United States",D&R,California,GOOGLE
"90292, California, United States",D&R,California,GOOGLE
"95128, California, United States",D&R,California,GOOGLE
"90401, California, United States",D&R,California,GOOGLE
"94602, California, United States",D&R,California,GOOGLE
"90746, California, United States",D&R,California,GOOGLE
"95350, California, United States",D&R,California,GOOGLE
"95387, California, United States",D&R,California,GOOGLE
"90212, California, United States",D&R,California,GOOGLE
"95662, California, United States",D&R,California,GOOGLE
"91362, California, United States",D&R,California,GOOGLE
"92708, California, United States",D&R,California,GOOGLE
"90278, California, United States",D&R,California,GOOGLE
"95694, California, United States",D&R,California,GOOGLE
"93243, California, United States",D&R,California,GOOGLE
"91901, California, United States",D&R,California,GOOGLE
"92064, California, United States",D&R,California,GOOGLE
"93727, California, United States",D&R,California,GOOGLE
"90003, California, United States",D&R,California,GOOGLE
"95650, California, United States",D&R,California,GOOGLE
"94582, California, United States",D&R,California,GOOGLE
"90404, California, United States",D&R,California,GOOGLE
"92282, California, United States",D&R,California,GOOGLE
"95668, California, United States",D&R,California,GOOGLE
"91321, California, United States",D&R,California,GOOGLE
"94610, California, United States",D&R,California,GOOGLE
"95045, California, United States",D&R,California,GOOGLE
"92886, California, United States",D&R,California,GOOGLE
"92104, California, United States",D&R,California,GOOGLE
"95605, California, United States",D&R,California,GOOGLE
"90503, California, United States",D&R,California,GOOGLE
"93043, California, United States",D&R,California,GOOGLE
"93291, California, United States",D&R,California,GOOGLE
"92057, California, United States",D&R,California,GOOGLE
"92706, California, United States",D&R,California,GOOGLE
"92256, California, United States",D&R,California,GOOGLE
"91602, California, United States",D&R,California,GOOGLE
"95122, California, United States",D&R,California,GOOGLE
"94609, California, United States",D&R,California,GOOGLE
"95624, California, United States",D&R,California,GOOGLE
"93722, California, United States",D&R,California,GOOGLE
"90504, California, United States",D&R,California,GOOGLE
"92101, California, United States",D&R,California,GOOGLE
"90731, California, United States",D&R,California,GOOGLE
"91008, California, United States",D&R,California,GOOGLE
"94038, California, United States",D&R,California,GOOGLE
"92649, California, United States",D&R,California,GOOGLE
"91746, California, United States",D&R,California,GOOGLE
"94070, California, United States",D&R,California,GOOGLE
"94512, California, United States",D&R,California,GOOGLE
"95355, California, United States",D&R,California,GOOGLE
"92411, California, United States",D&R,California,GOOGLE
"Plymouth County, Massachusetts, United States",D&R,Boston,GOOGLE
"Bristol County, Massachusetts, United States",D&R,Boston,GOOGLE
"Rhode Island, United States",D&R,Boston,GOOGLE
"Barnstable County, Massachusetts, United States",D&R,Boston,GOOGLE
"Worcester County, Massachusetts, United States",D&R,Boston,GOOGLE
"30.0|mi|(42.355508,-71.056536)",D&R,Boston,GOOGLE
"10.0|mi|Huron, Ohio, United States",D&R,Cleveland,GOOGLE
"15.0|mi|Canton, Ohio, United States",D&R,Cleveland,GOOGLE
"40.0|mi|Cleveland, OH",D&R,Cleveland,GOOGLE
"15.0|mi|Youngstown, Ohio, United States",D&R,Cleveland,GOOGLE
"15.0|mi|Wooster, Ohio, United States",D&R,Cleveland,GOOGLE
"06896, Connecticut, United States",D&R,Connecticut,GOOGLE
"06783, Connecticut, United States",D&R,Connecticut,GOOGLE
"06878, Connecticut, United States",D&R,Connecticut,GOOGLE
"06256, Connecticut, United States",D&R,Connecticut,GOOGLE
"06118, Connecticut, United States",D&R,Connecticut,GOOGLE
"06089, Connecticut, United States",D&R,Connecticut,GOOGLE
"06241, Connecticut, United States",D&R,Connecticut,GOOGLE
"06418, Connecticut, United States",D&R,Connecticut,GOOGLE
"06067, Connecticut, United States",D&R,Connecticut,GOOGLE
"06416, Connecticut, United States",D&R,Connecticut,GOOGLE
"06468, Connecticut, United States",D&R,Connecticut,GOOGLE
"06413, Connecticut, United States",D&R,Connecticut,GOOGLE
"06031, Connecticut, United States",D&R,Connecticut,GOOGLE
"06063, Connecticut, United States",D&R,Connecticut,GOOGLE
"06108, Connecticut, United States",D&R,Connecticut,GOOGLE
"06604, Connecticut, United States",D&R,Connecticut,GOOGLE
"06481, Connecticut, United States",D&R,Connecticut,GOOGLE
"06810, Connecticut, United States",D&R,Connecticut,GOOGLE
"06825, Connecticut, United States",D&R,Connecticut,GOOGLE
"06351, Connecticut, United States",D&R,Connecticut,GOOGLE
"06883, Connecticut, United States",D&R,Connecticut,GOOGLE
"06763, Connecticut, United States",D&R,Connecticut,GOOGLE
"06405, Connecticut, United States",D&R,Connecticut,GOOGLE
"06039, Connecticut, United States",D&R,Connecticut,GOOGLE
"06073, Connecticut, United States",D&R,Connecticut,GOOGLE
"06608, Connecticut, United States",D&R,Connecticut,GOOGLE
"06472, Connecticut, United States",D&R,Connecticut,GOOGLE
"06336, Connecticut, United States",D&R,Connecticut,GOOGLE
"06910, Connecticut, United States",D&R,Connecticut,GOOGLE
"06793, Connecticut, United States",D&R,Connecticut,GOOGLE
"06791, Connecticut, United States",D&R,Connecticut,GOOGLE
"06790, Connecticut, United States",D&R,Connecticut,GOOGLE
"06057, Connecticut, United States",D&R,Connecticut,GOOGLE
"06614, Connecticut, United States",D&R,Connecticut,GOOGLE
"06281, Connecticut, United States",D&R,Connecticut,GOOGLE
"06060, Connecticut, United States",D&R,Connecticut,GOOGLE
"06120, Connecticut, United States",D&R,Connecticut,GOOGLE
"06001, Connecticut, United States",D&R,Connecticut,GOOGLE
"06096, Connecticut, United States",D&R,Connecticut,GOOGLE
"06831, Connecticut, United States",D&R,Connecticut,GOOGLE
"06785, Connecticut, United States",D&R,Connecticut,GOOGLE
"06479, Connecticut, United States",D&R,Connecticut,GOOGLE
"06488, Connecticut, United States",D&R,Connecticut,GOOGLE
"06248, Connecticut, United States",D&R,Connecticut,GOOGLE
"06091, Connecticut, United States",D&R,Connecticut,GOOGLE
"06897, Connecticut, United States",D&R,Connecticut,GOOGLE
"06516, Connecticut, United States",D&R,Connecticut,GOOGLE
"06266, Connecticut, United States",D&R,Connecticut,GOOGLE
"06437, Connecticut, United States",D&R,Connecticut,GOOGLE
"06511, Connecticut, United States",D&R,Connecticut,GOOGLE
"06335, Connecticut, United States",D&R,Connecticut,GOOGLE
"06106, Connecticut, United States",D&R,Connecticut,GOOGLE
"06339, Connecticut, United States",D&R,Connecticut,GOOGLE
"06812, Connecticut, United States",D&R,Connecticut,GOOGLE
"06514, Connecticut, United States",D&R,Connecticut,GOOGLE
"06051, Connecticut, United States",D&R,Connecticut,GOOGLE
"06095, Connecticut, United States",D&R,Connecticut,GOOGLE
"06905, Connecticut, United States",D&R,Connecticut,GOOGLE
"06779, Connecticut, United States",D&R,Connecticut,GOOGLE
"06231, Connecticut, United States",D&R,Connecticut,GOOGLE
"06708, Connecticut, United States",D&R,Connecticut,GOOGLE
"06401, Connecticut, United States",D&R,Connecticut,GOOGLE
"06066, Connecticut, United States",D&R,Connecticut,GOOGLE
"06029, Connecticut, United States",D&R,Connecticut,GOOGLE
"06093, Connecticut, United States",D&R,Connecticut,GOOGLE
"06114, Connecticut, United States",D&R,Connecticut,GOOGLE
"06069, Connecticut, United States",D&R,Connecticut,GOOGLE
"06830, Connecticut, United States",D&R,Connecticut,GOOGLE
"06403, Connecticut, United States",D&R,Connecticut,GOOGLE
"06605, Connecticut, United States",D&R,Connecticut,GOOGLE
"06268, Connecticut, United States",D&R,Connecticut,GOOGLE
"06238, Connecticut, United States",D&R,Connecticut,GOOGLE
"06794, Connecticut, United States",D&R,Connecticut,GOOGLE
"06712, Connecticut, United States",D&R,Connecticut,GOOGLE
"06016, Connecticut, United States",D&R,Connecticut,GOOGLE
"06282, Connecticut, United States",D&R,Connecticut,GOOGLE
"06365, Connecticut, United States",D&R,Connecticut,GOOGLE
"06877, Connecticut, United States",D&R,Connecticut,GOOGLE
"06470, Connecticut, United States",D&R,Connecticut,GOOGLE
"06112, Connecticut, United States",D&R,Connecticut,GOOGLE
"06235, Connecticut, United States",D&R,Connecticut,GOOGLE
"06451, Connecticut, United States",D&R,Connecticut,GOOGLE
"06250, Connecticut, United States",D&R,Connecticut,GOOGLE
"06475, Connecticut, United States",D&R,Connecticut,GOOGLE
"06525, Connecticut, United States",D&R,Connecticut,GOOGLE
"06062, Connecticut, United States",D&R,Connecticut,GOOGLE
"06074, Connecticut, United States",D&R,Connecticut,GOOGLE
"06518, Connecticut, United States",D&R,Connecticut,GOOGLE
"06377, Connecticut, United States",D&R,Connecticut,GOOGLE
"06610, Connecticut, United States",D&R,Connecticut,GOOGLE
"06443, Connecticut, United States",D&R,Connecticut,GOOGLE
"06385, Connecticut, United States",D&R,Connecticut,GOOGLE
"06065, Connecticut, United States",D&R,Connecticut,GOOGLE
"06249, Connecticut, United States",D&R,Connecticut,GOOGLE
"06612, Connecticut, United States",D&R,Connecticut,GOOGLE
"06043, Connecticut, United States",D&R,Connecticut,GOOGLE
"06035, Connecticut, United States",D&R,Connecticut,GOOGLE
"06032, Connecticut, United States",D&R,Connecticut,GOOGLE
"06484, Connecticut, United States",D&R,Connecticut,GOOGLE
"06489, Connecticut, United States",D&R,Connecticut,GOOGLE
"06447, Connecticut, United States",D&R,Connecticut,GOOGLE
"06111, Connecticut, United States",D&R,Connecticut,GOOGLE
"06053, Connecticut, United States",D&R,Connecticut,GOOGLE
"06752, Connecticut, United States",D&R,Connecticut,GOOGLE
"06480, Connecticut, United States",D&R,Connecticut,GOOGLE
"06042, Connecticut, United States",D&R,Connecticut,GOOGLE
"06513, Connecticut, United States",D&R,Connecticut,GOOGLE
"06360, Connecticut, United States",D&R,Connecticut,GOOGLE
"06076, Connecticut, United States",D&R,Connecticut,GOOGLE
"06040, Connecticut, United States",D&R,Connecticut,GOOGLE
"06023, Connecticut, United States",D&R,Connecticut,GOOGLE
"06237, Connecticut, United States",D&R,Connecticut,GOOGLE
"06071, Connecticut, United States",D&R,Connecticut,GOOGLE
"06375, Connecticut, United States",D&R,Connecticut,GOOGLE
"06119, Connecticut, United States",D&R,Connecticut,GOOGLE
"06517, Connecticut, United States",D&R,Connecticut,GOOGLE
"06757, Connecticut, United States",D&R,Connecticut,GOOGLE
"06370, Connecticut, United States",D&R,Connecticut,GOOGLE
"06820, Connecticut, United States",D&R,Connecticut,GOOGLE
"06461, Connecticut, United States",D&R,Connecticut,GOOGLE
"06706, Connecticut, United States",D&R,Connecticut,GOOGLE
"06824, Connecticut, United States",D&R,Connecticut,GOOGLE
"06854, Connecticut, United States",D&R,Connecticut,GOOGLE
"06417, Connecticut, United States",D&R,Connecticut,GOOGLE
"06412, Connecticut, United States",D&R,Connecticut,GOOGLE
"06759, Connecticut, United States",D&R,Connecticut,GOOGLE
"06013, Connecticut, United States",D&R,Connecticut,GOOGLE
"06380, Connecticut, United States",D&R,Connecticut,GOOGLE
"06482, Connecticut, United States",D&R,Connecticut,GOOGLE
"06492, Connecticut, United States",D&R,Connecticut,GOOGLE
"06801, Connecticut, United States",D&R,Connecticut,GOOGLE
"06762, Connecticut, United States",D&R,Connecticut,GOOGLE
"06469, Connecticut, United States",D&R,Connecticut,GOOGLE
"06259, Connecticut, United States",D&R,Connecticut,GOOGLE
"06755, Connecticut, United States",D&R,Connecticut,GOOGLE
"06850, Connecticut, United States",D&R,Connecticut,GOOGLE
"06384, Connecticut, United States",D&R,Connecticut,GOOGLE
"06901, Connecticut, United States",D&R,Connecticut,GOOGLE
"06456, Connecticut, United States",D&R,Connecticut,GOOGLE
"06750, Connecticut, United States",D&R,Connecticut,GOOGLE
"06705, Connecticut, United States",D&R,Connecticut,GOOGLE
"06787, Connecticut, United States",D&R,Connecticut,GOOGLE
"06260, Connecticut, United States",D&R,Connecticut,GOOGLE
"06357, Connecticut, United States",D&R,Connecticut,GOOGLE
"06105, Connecticut, United States",D&R,Connecticut,GOOGLE
"06371, Connecticut, United States",D&R,Connecticut,GOOGLE
"06460, Connecticut, United States",D&R,Connecticut,GOOGLE
"06010, Connecticut, United States",D&R,Connecticut,GOOGLE
"06037, Connecticut, United States",D&R,Connecticut,GOOGLE
"06262, Connecticut, United States",D&R,Connecticut,GOOGLE
"06903, Connecticut, United States",D&R,Connecticut,GOOGLE
"06109, Connecticut, United States",D&R,Connecticut,GOOGLE
"06524, Connecticut, United States",D&R,Connecticut,GOOGLE
"06334, Connecticut, United States",D&R,Connecticut,GOOGLE
"06478, Connecticut, United States",D&R,Connecticut,GOOGLE
"06279, Connecticut, United States",D&R,Connecticut,GOOGLE
"06019, Connecticut, United States",D&R,Connecticut,GOOGLE
"06756, Connecticut, United States",D&R,Connecticut,GOOGLE
"06277, Connecticut, United States",D&R,Connecticut,GOOGLE
"06320, Connecticut, United States",D&R,Connecticut,GOOGLE
"06354, Connecticut, United States",D&R,Connecticut,GOOGLE
"06782, Connecticut, United States",D&R,Connecticut,GOOGLE
"06770, Connecticut, United States",D&R,Connecticut,GOOGLE
"06415, Connecticut, United States",D&R,Connecticut,GOOGLE
"06239, Connecticut, United States",D&R,Connecticut,GOOGLE
"06426, Connecticut, United States",D&R,Connecticut,GOOGLE
"06751, Connecticut, United States",D&R,Connecticut,GOOGLE
"06333, Connecticut, United States",D&R,Connecticut,GOOGLE
"06018, Connecticut, United States",D&R,Connecticut,GOOGLE
"06615, Connecticut, United States",D&R,Connecticut,GOOGLE
"06070, Connecticut, United States",D&R,Connecticut,GOOGLE
"06855, Connecticut, United States",D&R,Connecticut,GOOGLE
"06906, Connecticut, United States",D&R,Connecticut,GOOGLE
"06473, Connecticut, United States",D&R,Connecticut,GOOGLE
"06786, Connecticut, United States",D&R,Connecticut,GOOGLE
"06853, Connecticut, United States",D&R,Connecticut,GOOGLE
"06092, Connecticut, United States",D&R,Connecticut,GOOGLE
"06611, Connecticut, United States",D&R,Connecticut,GOOGLE
"06716, Connecticut, United States",D&R,Connecticut,GOOGLE
"06264, Connecticut, United States",D&R,Connecticut,GOOGLE
"06103, Connecticut, United States",D&R,Connecticut,GOOGLE
"06255, Connecticut, United States",D&R,Connecticut,GOOGLE
"06254, Connecticut, United States",D&R,Connecticut,GOOGLE
"06085, Connecticut, United States",D&R,Connecticut,GOOGLE
"06024, Connecticut, United States",D&R,Connecticut,GOOGLE
"06438, Connecticut, United States",D&R,Connecticut,GOOGLE
"06027, Connecticut, United States",D&R,Connecticut,GOOGLE
"06442, Connecticut, United States",D&R,Connecticut,GOOGLE
"06410, Connecticut, United States",D&R,Connecticut,GOOGLE
"06455, Connecticut, United States",D&R,Connecticut,GOOGLE
"06424, Connecticut, United States",D&R,Connecticut,GOOGLE
"06117, Connecticut, United States",D&R,Connecticut,GOOGLE
"06052, Connecticut, United States",D&R,Connecticut,GOOGLE
"06110, Connecticut, United States",D&R,Connecticut,GOOGLE
"06088, Connecticut, United States",D&R,Connecticut,GOOGLE
"06098, Connecticut, United States",D&R,Connecticut,GOOGLE
"06084, Connecticut, United States",D&R,Connecticut,GOOGLE
"06519, Connecticut, United States",D&R,Connecticut,GOOGLE
"06002, Connecticut, United States",D&R,Connecticut,GOOGLE
"06082, Connecticut, United States",D&R,Connecticut,GOOGLE
"06450, Connecticut, United States",D&R,Connecticut,GOOGLE
"06796, Connecticut, United States",D&R,Connecticut,GOOGLE
"06107, Connecticut, United States",D&R,Connecticut,GOOGLE
"06483, Connecticut, United States",D&R,Connecticut,GOOGLE
"06807, Connecticut, United States",D&R,Connecticut,GOOGLE
"06907, Connecticut, United States",D&R,Connecticut,GOOGLE
"06350, Connecticut, United States",D&R,Connecticut,GOOGLE
"06420, Connecticut, United States",D&R,Connecticut,GOOGLE
"06811, Connecticut, United States",D&R,Connecticut,GOOGLE
"06331, Connecticut, United States",D&R,Connecticut,GOOGLE
"06379, Connecticut, United States",D&R,Connecticut,GOOGLE
"06068, Connecticut, United States",D&R,Connecticut,GOOGLE
"06795, Connecticut, United States",D&R,Connecticut,GOOGLE
"06606, Connecticut, United States",D&R,Connecticut,GOOGLE
"06607, Connecticut, United States",D&R,Connecticut,GOOGLE
"06359, Connecticut, United States",D&R,Connecticut,GOOGLE
"06851, Connecticut, United States",D&R,Connecticut,GOOGLE
"06033, Connecticut, United States",D&R,Connecticut,GOOGLE
"06515, Connecticut, United States",D&R,Connecticut,GOOGLE
"06457, Connecticut, United States",D&R,Connecticut,GOOGLE
"06784, Connecticut, United States",D&R,Connecticut,GOOGLE
"06090, Connecticut, United States",D&R,Connecticut,GOOGLE
"06269, Connecticut, United States",D&R,Connecticut,GOOGLE
"06778, Connecticut, United States",D&R,Connecticut,GOOGLE
"06242, Connecticut, United States",D&R,Connecticut,GOOGLE
"06378, Connecticut, United States",D&R,Connecticut,GOOGLE
"06232, Connecticut, United States",D&R,Connecticut,GOOGLE
"06702, Connecticut, United States",D&R,Connecticut,GOOGLE
"06804, Connecticut, United States",D&R,Connecticut,GOOGLE
"06704, Connecticut, United States",D&R,Connecticut,GOOGLE
"06870, Connecticut, United States",D&R,Connecticut,GOOGLE
"06512, Connecticut, United States",D&R,Connecticut,GOOGLE
"06510, Connecticut, United States",D&R,Connecticut,GOOGLE
"06058, Connecticut, United States",D&R,Connecticut,GOOGLE
"06330, Connecticut, United States",D&R,Connecticut,GOOGLE
"06419, Connecticut, United States",D&R,Connecticut,GOOGLE
"06280, Connecticut, United States",D&R,Connecticut,GOOGLE
"06890, Connecticut, United States",D&R,Connecticut,GOOGLE
"06234, Connecticut, United States",D&R,Connecticut,GOOGLE
"06382, Connecticut, United States",D&R,Connecticut,GOOGLE
"06278, Connecticut, United States",D&R,Connecticut,GOOGLE
"06154, Connecticut, United States",D&R,Connecticut,GOOGLE
"06409, Connecticut, United States",D&R,Connecticut,GOOGLE
"06776, Connecticut, United States",D&R,Connecticut,GOOGLE
"06880, Connecticut, United States",D&R,Connecticut,GOOGLE
"06798, Connecticut, United States",D&R,Connecticut,GOOGLE
"06471, Connecticut, United States",D&R,Connecticut,GOOGLE
"06021, Connecticut, United States",D&R,Connecticut,GOOGLE
"06026, Connecticut, United States",D&R,Connecticut,GOOGLE
"06226, Connecticut, United States",D&R,Connecticut,GOOGLE
"06441, Connecticut, United States",D&R,Connecticut,GOOGLE
"06374, Connecticut, United States",D&R,Connecticut,GOOGLE
"06477, Connecticut, United States",D&R,Connecticut,GOOGLE
"06338, Connecticut, United States",D&R,Connecticut,GOOGLE
"06423, Connecticut, United States",D&R,Connecticut,GOOGLE
"06840, Connecticut, United States",D&R,Connecticut,GOOGLE
"06078, Connecticut, United States",D&R,Connecticut,GOOGLE
"06414, Connecticut, United States",D&R,Connecticut,GOOGLE
"06422, Connecticut, United States",D&R,Connecticut,GOOGLE
"06710, Connecticut, United States",D&R,Connecticut,GOOGLE
"06902, Connecticut, United States",D&R,Connecticut,GOOGLE
"06754, Connecticut, United States",D&R,Connecticut,GOOGLE
"06340, Connecticut, United States",D&R,Connecticut,GOOGLE
"06355, Connecticut, United States",D&R,Connecticut,GOOGLE
"06777, Connecticut, United States",D&R,Connecticut,GOOGLE
"06498, Connecticut, United States",D&R,Connecticut,GOOGLE
"06247, Connecticut, United States",D&R,Connecticut,GOOGLE
"06081, Connecticut, United States",D&R,Connecticut,GOOGLE
"03884, New Hampshire, United States",D&R,Maine,GOOGLE
"01922, Massachusetts, United States",D&R,Maine,GOOGLE
"04027, Maine, United States",D&R,Maine,GOOGLE
"04046, Maine, United States",D&R,Maine,GOOGLE
"03902, Maine, United States",D&R,Maine,GOOGLE
"03905, Maine, United States",D&R,Maine,GOOGLE
"01951, Massachusetts, United States",D&R,Maine,GOOGLE
"03811, New Hampshire, United States",D&R,Maine,GOOGLE
"03291, New Hampshire, United States",D&R,Maine,GOOGLE
"03851, New Hampshire, United States",D&R,Maine,GOOGLE
"04050, Maine, United States",D&R,Maine,GOOGLE
"03037, New Hampshire, United States",D&R,Maine,GOOGLE
"03878, New Hampshire, United States",D&R,Maine,GOOGLE
"04097, Maine, United States",D&R,Maine,GOOGLE
"04110, Maine, United States",D&R,Maine,GOOGLE
"03034, New Hampshire, United States",D&R,Maine,GOOGLE
"03827, New Hampshire, United States",D&R,Maine,GOOGLE
"03823, New Hampshire, United States",D&R,Maine,GOOGLE
"01860, Massachusetts, United States",D&R,Maine,GOOGLE
"01835, Massachusetts, United States",D&R,Maine,GOOGLE
"03841, New Hampshire, United States",D&R,Maine,GOOGLE
"04105, Maine, United States",D&R,Maine,GOOGLE
"04093, Maine, United States",D&R,Maine,GOOGLE
"04042, Maine, United States",D&R,Maine,GOOGLE
"01929, Massachusetts, United States",D&R,Maine,GOOGLE
"03032, New Hampshire, United States",D&R,Maine,GOOGLE
"04005, Maine, United States",D&R,Maine,GOOGLE
"03824, New Hampshire, United States",D&R,Maine,GOOGLE
"03053, New Hampshire, United States",D&R,Maine,GOOGLE
"04062, Maine, United States",D&R,Maine,GOOGLE
"03261, New Hampshire, United States",D&R,Maine,GOOGLE
"03038, New Hampshire, United States",D&R,Maine,GOOGLE
"04002, Maine, United States",D&R,Maine,GOOGLE
"04090, Maine, United States",D&R,Maine,GOOGLE
"04048, Maine, United States",D&R,Maine,GOOGLE
"01938, Massachusetts, United States",D&R,Maine,GOOGLE
"04083, Maine, United States",D&R,Maine,GOOGLE
"01913, Massachusetts, United States",D&R,Maine,GOOGLE
"04043, Maine, United States",D&R,Maine,GOOGLE
"01969, Massachusetts, United States",D&R,Maine,GOOGLE
"01921, Massachusetts, United States",D&R,Maine,GOOGLE
"04108, Maine, United States",D&R,Maine,GOOGLE
"04017, Maine, United States",D&R,Maine,GOOGLE
"03842, New Hampshire, United States",D&R,Maine,GOOGLE
"03869, New Hampshire, United States",D&R,Maine,GOOGLE
"03901, Maine, United States",D&R,Maine,GOOGLE
"03856, New Hampshire, United States",D&R,Maine,GOOGLE
"04003, Maine, United States",D&R,Maine,GOOGLE
"04021, Maine, United States",D&R,Maine,GOOGLE
"03848, New Hampshire, United States",D&R,Maine,GOOGLE
"03044, New Hampshire, United States",D&R,Maine,GOOGLE
"03087, New Hampshire, United States",D&R,Maine,GOOGLE
"03903, Maine, United States",D&R,Maine,GOOGLE
"01844, Massachusetts, United States",D&R,Maine,GOOGLE
"01833, Massachusetts, United States",D&R,Maine,GOOGLE
"01830, Massachusetts, United States",D&R,Maine,GOOGLE
"03873, New Hampshire, United States",D&R,Maine,GOOGLE
"01952, Massachusetts, United States",D&R,Maine,GOOGLE
"03079, New Hampshire, United States",D&R,Maine,GOOGLE
"04107, Maine, United States",D&R,Maine,GOOGLE
"03826, New Hampshire, United States",D&R,Maine,GOOGLE
"04019, Maine, United States",D&R,Maine,GOOGLE
"04061, Maine, United States",D&R,Maine,GOOGLE
"03801, New Hampshire, United States",D&R,Maine,GOOGLE
"03906, Maine, United States",D&R,Maine,GOOGLE
"03867, New Hampshire, United States",D&R,Maine,GOOGLE
"03839, New Hampshire, United States",D&R,Maine,GOOGLE
"04069, Maine, United States",D&R,Maine,GOOGLE
"03042, New Hampshire, United States",D&R,Maine,GOOGLE
"04011, Maine, United States",D&R,Maine,GOOGLE
"01834, Massachusetts, United States",D&R,Maine,GOOGLE
"04096, Maine, United States",D&R,Maine,GOOGLE
"03854, New Hampshire, United States",D&R,Maine,GOOGLE
"03844, New Hampshire, United States",D&R,Maine,GOOGLE
"03835, New Hampshire, United States",D&R,Maine,GOOGLE
"03825, New Hampshire, United States",D&R,Maine,GOOGLE
"04076, Maine, United States",D&R,Maine,GOOGLE
"03858, New Hampshire, United States",D&R,Maine,GOOGLE
"03833, New Hampshire, United States",D&R,Maine,GOOGLE
"04087, Maine, United States",D&R,Maine,GOOGLE
"03909, Maine, United States",D&R,Maine,GOOGLE
"03865, New Hampshire, United States",D&R,Maine,GOOGLE
"04072, Maine, United States",D&R,Maine,GOOGLE
"03036, New Hampshire, United States",D&R,Maine,GOOGLE
"04038, Maine, United States",D&R,Maine,GOOGLE
"03819, New Hampshire, United States",D&R,Maine,GOOGLE
"03820, New Hampshire, United States",D&R,Maine,GOOGLE
"04102, Maine, United States",D&R,Maine,GOOGLE
"01985, Massachusetts, United States",D&R,Maine,GOOGLE
"03907, Maine, United States",D&R,Maine,GOOGLE
"04073, Maine, United States",D&R,Maine,GOOGLE
"04079, Maine, United States",D&R,Maine,GOOGLE
"04039, Maine, United States",D&R,Maine,GOOGLE
"03861, New Hampshire, United States",D&R,Maine,GOOGLE
"04101, Maine, United States",D&R,Maine,GOOGLE
"04030, Maine, United States",D&R,Maine,GOOGLE
"03077, New Hampshire, United States",D&R,Maine,GOOGLE
"04109, Maine, United States",D&R,Maine,GOOGLE
"04103, Maine, United States",D&R,Maine,GOOGLE
"03885, New Hampshire, United States",D&R,Maine,GOOGLE
"03874, New Hampshire, United States",D&R,Maine,GOOGLE
"04092, Maine, United States",D&R,Maine,GOOGLE
"03908, Maine, United States",D&R,Maine,GOOGLE
"01950, Massachusetts, United States",D&R,Maine,GOOGLE
"04084, Maine, United States",D&R,Maine,GOOGLE
"03904, Maine, United States",D&R,Maine,GOOGLE
"01930, Massachusetts, United States",D&R,Maine,GOOGLE
"03857, New Hampshire, United States",D&R,Maine,GOOGLE
"01832, Massachusetts, United States",D&R,Maine,GOOGLE
"03862, New Hampshire, United States",D&R,Maine,GOOGLE
"04066, Maine, United States",D&R,Maine,GOOGLE
"04106, Maine, United States",D&R,Maine,GOOGLE
"04032, Maine, United States",D&R,Maine,GOOGLE
"04049, Maine, United States",D&R,Maine,GOOGLE
"03290, New Hampshire, United States",D&R,Maine,GOOGLE
"04074, Maine, United States",D&R,Maine,GOOGLE
"03840, New Hampshire, United States",D&R,Maine,GOOGLE
"03868, New Hampshire, United States",D&R,Maine,GOOGLE
"03870, New Hampshire, United States",D&R,Maine,GOOGLE
"04064, Maine, United States",D&R,Maine,GOOGLE
"01966, Massachusetts, United States",D&R,Maine,GOOGLE
"20.0|mi|(45.534302, -94.166671) (custom)",D&R,Minneapolis,GOOGLE
"55.0|mi|Minneapolis, MN",D&R,Minneapolis,GOOGLE
"03869, New Hampshire, United States",D&R,New Hampshire,GOOGLE
"03857, New Hampshire, United States",D&R,New Hampshire,GOOGLE
"03842, New Hampshire, United States",D&R,New Hampshire,GOOGLE
"03221, New Hampshire, United States",D&R,New Hampshire,GOOGLE
"03861, New Hampshire, United States",D&R,New Hampshire,GOOGLE
"03811, New Hampshire, United States",D&R,New Hampshire,GOOGLE
"03060, New Hampshire, United States",D&R,New Hampshire,GOOGLE
"03063, New Hampshire, United States",D&R,New Hampshire,GOOGLE
"03218, New Hampshire, United States",D&R,New Hampshire,GOOGLE
"03234, New Hampshire, United States",D&R,New Hampshire,GOOGLE
"03052, New Hampshire, United States",D&R,New Hampshire,GOOGLE
"03045, New Hampshire, United States",D&R,New Hampshire,GOOGLE
"03031, New Hampshire, United States",D&R,New Hampshire,GOOGLE
"03110, New Hampshire, United States",D&R,New Hampshire,GOOGLE
"03268, New Hampshire, United States",D&R,New Hampshire,GOOGLE
"03873, New Hampshire, United States",D&R,New Hampshire,GOOGLE
"03087, New Hampshire, United States",D&R,New Hampshire,GOOGLE
"03840, New Hampshire, United States",D&R,New Hampshire,GOOGLE
"03235, New Hampshire, United States",D&R,New Hampshire,GOOGLE
"03261, New Hampshire, United States",D&R,New Hampshire,GOOGLE
"03044, New Hampshire, United States",D&R,New Hampshire,GOOGLE
"03034, New Hampshire, United States",D&R,New Hampshire,GOOGLE
"03237, New Hampshire, United States",D&R,New Hampshire,GOOGLE
"03855, New Hampshire, United States",D&R,New Hampshire,GOOGLE
"03055, New Hampshire, United States",D&R,New Hampshire,GOOGLE
"03835, New Hampshire, United States",D&R,New Hampshire,GOOGLE
"03070, New Hampshire, United States",D&R,New Hampshire,GOOGLE
"03291, New Hampshire, United States",D&R,New Hampshire,GOOGLE
"03874, New Hampshire, United States",D&R,New Hampshire,GOOGLE
"03304, New Hampshire, United States",D&R,New Hampshire,GOOGLE
"03109, New Hampshire, United States",D&R,New Hampshire,GOOGLE
"03841, New Hampshire, United States",D&R,New Hampshire,GOOGLE
"03303, New Hampshire, United States",D&R,New Hampshire,GOOGLE
"03867, New Hampshire, United States",D&R,New Hampshire,GOOGLE
"03229, New Hampshire, United States",D&R,New Hampshire,GOOGLE
"03046, New Hampshire, United States",D&R,New Hampshire,GOOGLE
"03870, New Hampshire, United States",D&R,New Hampshire,GOOGLE
"03825, New Hampshire, United States",D&R,New Hampshire,GOOGLE
"03242, New Hampshire, United States",D&R,New Hampshire,GOOGLE
"03887, New Hampshire, United States",D&R,New Hampshire,GOOGLE
"03064, New Hampshire, United States",D&R,New Hampshire,GOOGLE
"03848, New Hampshire, United States",D&R,New Hampshire,GOOGLE
"03263, New Hampshire, United States",D&R,New Hampshire,GOOGLE
"03086, New Hampshire, United States",D&R,New Hampshire,GOOGLE
"03809, New Hampshire, United States",D&R,New Hampshire,GOOGLE
"03043, New Hampshire, United States",D&R,New Hampshire,GOOGLE
"03062, New Hampshire, United States",D&R,New Hampshire,GOOGLE
"03276, New Hampshire, United States",D&R,New Hampshire,GOOGLE
"03054, New Hampshire, United States",D&R,New Hampshire,GOOGLE
"03824, New Hampshire, United States",D&R,New Hampshire,GOOGLE
"03076, New Hampshire, United States",D&R,New Hampshire,GOOGLE
"03844, New Hampshire, United States",D&R,New Hampshire,GOOGLE
"03275, New Hampshire, United States",D&R,New Hampshire,GOOGLE
"03038, New Hampshire, United States",D&R,New Hampshire,GOOGLE
"03281, New Hampshire, United States",D&R,New Hampshire,GOOGLE
"03053, New Hampshire, United States",D&R,New Hampshire,GOOGLE
"03885, New Hampshire, United States",D&R,New Hampshire,GOOGLE
"03290, New Hampshire, United States",D&R,New Hampshire,GOOGLE
"03278, New Hampshire, United States",D&R,New Hampshire,GOOGLE
"03852, New Hampshire, United States",D&R,New Hampshire,GOOGLE
"03307, New Hampshire, United States",D&R,New Hampshire,GOOGLE
"03051, New Hampshire, United States",D&R,New Hampshire,GOOGLE
"03851, New Hampshire, United States",D&R,New Hampshire,GOOGLE
"03801, New Hampshire, United States",D&R,New Hampshire,GOOGLE
"03868, New Hampshire, United States",D&R,New Hampshire,GOOGLE
"03839, New Hampshire, United States",D&R,New Hampshire,GOOGLE
"03225, New Hampshire, United States",D&R,New Hampshire,GOOGLE
"03820, New Hampshire, United States",D&R,New Hampshire,GOOGLE
"03077, New Hampshire, United States",D&R,New Hampshire,GOOGLE
"03104, New Hampshire, United States",D&R,New Hampshire,GOOGLE
"03037, New Hampshire, United States",D&R,New Hampshire,GOOGLE
"03042, New Hampshire, United States",D&R,New Hampshire,GOOGLE
"03082, New Hampshire, United States",D&R,New Hampshire,GOOGLE
"03301, New Hampshire, United States",D&R,New Hampshire,GOOGLE
"03102, New Hampshire, United States",D&R,New Hampshire,GOOGLE
"03862, New Hampshire, United States",D&R,New Hampshire,GOOGLE
"03057, New Hampshire, United States",D&R,New Hampshire,GOOGLE
"03079, New Hampshire, United States",D&R,New Hampshire,GOOGLE
"03858, New Hampshire, United States",D&R,New Hampshire,GOOGLE
"03103, New Hampshire, United States",D&R,New Hampshire,GOOGLE
"03032, New Hampshire, United States",D&R,New Hampshire,GOOGLE
"03826, New Hampshire, United States",D&R,New Hampshire,GOOGLE
"03884, New Hampshire, United States",D&R,New Hampshire,GOOGLE
"03220, New Hampshire, United States",D&R,New Hampshire,GOOGLE
"03049, New Hampshire, United States",D&R,New Hampshire,GOOGLE
"03033, New Hampshire, United States",D&R,New Hampshire,GOOGLE
"03224, New Hampshire, United States",D&R,New Hampshire,GOOGLE
"03106, New Hampshire, United States",D&R,New Hampshire,GOOGLE
"03856, New Hampshire, United States",D&R,New Hampshire,GOOGLE
"03244, New Hampshire, United States",D&R,New Hampshire,GOOGLE
"03258, New Hampshire, United States",D&R,New Hampshire,GOOGLE
"03878, New Hampshire, United States",D&R,New Hampshire,GOOGLE
"03819, New Hampshire, United States",D&R,New Hampshire,GOOGLE
"03833, New Hampshire, United States",D&R,New Hampshire,GOOGLE
"03827, New Hampshire, United States",D&R,New Hampshire,GOOGLE
"03865, New Hampshire, United States",D&R,New Hampshire,GOOGLE
"03101, New Hampshire, United States",D&R,New Hampshire,GOOGLE
"03823, New Hampshire, United States",D&R,New Hampshire,GOOGLE
"03854, New Hampshire, United States",D&R,New Hampshire,GOOGLE
"03837, New Hampshire, United States",D&R,New Hampshire,GOOGLE
"03036, New Hampshire, United States",D&R,New Hampshire,GOOGLE
"Syracuse, New York, United States",D&R,Rochester,GOOGLE
"15.0|mi|Glens Falls, NY",D&R,Rochester,GOOGLE
"18.0|mi|Lockport, New York, United States",D&R,Rochester,GOOGLE
"25.0|mi|Albion, New York, United States",D&R,Rochester,GOOGLE
"20.0|mi|Buffalo, New York, United States",D&R,Rochester,GOOGLE
"Rochester, New York, United States",D&R,Rochester,GOOGLE
"Batavia, New York, United States",D&R,Rochester,GOOGLE
"25.0|mi|Lyons, New York, United States",D&R,Rochester,GOOGLE
"18.0|mi|Rochester, New York, United States",D&R,Rochester,GOOGLE
"20.0|mi|Syracuse, New York, United States",D&R,Rochester,GOOGLE
"33576, Florida, United States",ROCK,Miami,GOOGLE
"33351, Florida, United States",ROCK,Miami,GOOGLE
"33056, Florida, United States",ROCK,Miami,GOOGLE
"33071, Florida, United States",ROCK,Miami,GOOGLE
"33950, Florida, United States",ROCK,Miami,GOOGLE
"33570, Florida, United States",ROCK,Miami,GOOGLE
"34436, Florida, United States",ROCK,Miami,GOOGLE
"33168, Florida, United States",ROCK,Miami,GOOGLE
"32195, Florida, United States",ROCK,Miami,GOOGLE
"33514, Florida, United States",ROCK,Miami,GOOGLE
"34744, Florida, United States",ROCK,Miami,GOOGLE
"34759, Florida, United States",ROCK,Miami,GOOGLE
"34637, Florida, United States",ROCK,Miami,GOOGLE
"33144, Florida, United States",ROCK,Miami,GOOGLE
"33143, Florida, United States",ROCK,Miami,GOOGLE
"33014, Florida, United States",ROCK,Miami,GOOGLE
"33458, Florida, United States",ROCK,Miami,GOOGLE
"32831, Florida, United States",ROCK,Miami,GOOGLE
"33567, Florida, United States",ROCK,Miami,GOOGLE
"33309, Florida, United States",ROCK,Miami,GOOGLE
"33592, Florida, United States",ROCK,Miami,GOOGLE
"33778, Florida, United States",ROCK,Miami,GOOGLE
"33805, Florida, United States",ROCK,Miami,GOOGLE
"32746, Florida, United States",ROCK,Miami,GOOGLE
"34215, Florida, United States",ROCK,Miami,GOOGLE
"33813, Florida, United States",ROCK,Miami,GOOGLE
"33916, Florida, United States",ROCK,Miami,GOOGLE
"32901, Florida, United States",ROCK,Miami,GOOGLE
"33332, Florida, United States",ROCK,Miami,GOOGLE
"33547, Florida, United States",ROCK,Miami,GOOGLE
"34608, Florida, United States",ROCK,Miami,GOOGLE
"33625, Florida, United States",ROCK,Miami,GOOGLE
"32903, Florida, United States",ROCK,Miami,GOOGLE
"32730, Florida, United States",ROCK,Miami,GOOGLE
"33331, Florida, United States",ROCK,Miami,GOOGLE
"33922, Florida, United States",ROCK,Miami,GOOGLE
"33538, Florida, United States",ROCK,Miami,GOOGLE
"34120, Florida, United States",ROCK,Miami,GOOGLE
"34229, Florida, United States",ROCK,Miami,GOOGLE
"33701, Florida, United States",ROCK,Miami,GOOGLE
"33647, Florida, United States",ROCK,Miami,GOOGLE
"33782, Florida, United States",ROCK,Miami,GOOGLE
"33326, Florida, United States",ROCK,Miami,GOOGLE
"33967, Florida, United States",ROCK,Miami,GOOGLE
"33129, Florida, United States",ROCK,Miami,GOOGLE
"33469, Florida, United States",ROCK,Miami,GOOGLE
"33401, Florida, United States",ROCK,Miami,GOOGLE
"33903, Florida, United States",ROCK,Miami,GOOGLE
"34221, Florida, United States",ROCK,Miami,GOOGLE
"34974, Florida, United States",ROCK,Miami,GOOGLE
"33039, Florida, United States",ROCK,Miami,GOOGLE
"33065, Florida, United States",ROCK,Miami,GOOGLE
"32905, Florida, United States",ROCK,Miami,GOOGLE
"34996, Florida, United States",ROCK,Miami,GOOGLE
"33572, Florida, United States",ROCK,Miami,GOOGLE
"33455, Florida, United States",ROCK,Miami,GOOGLE
"33412, Florida, United States",ROCK,Miami,GOOGLE
"33128, Florida, United States",ROCK,Miami,GOOGLE
"33434, Florida, United States",ROCK,Miami,GOOGLE
"34684, Florida, United States",ROCK,Miami,GOOGLE
"32960, Florida, United States",ROCK,Miami,GOOGLE
"32927, Florida, United States",ROCK,Miami,GOOGLE
"33149, Florida, United States",ROCK,Miami,GOOGLE
"34689, Florida, United States",ROCK,Miami,GOOGLE
"32820, Florida, United States",ROCK,Miami,GOOGLE
"32976, Florida, United States",ROCK,Miami,GOOGLE
"33976, Florida, United States",ROCK,Miami,GOOGLE
"33760, Florida, United States",ROCK,Miami,GOOGLE
"32773, Florida, United States",ROCK,Miami,GOOGLE
"33407, Florida, United States",ROCK,Miami,GOOGLE
"32817, Florida, United States",ROCK,Miami,GOOGLE
"33607, Florida, United States",ROCK,Miami,GOOGLE
"33772, Florida, United States",ROCK,Miami,GOOGLE
"33135, Florida, United States",ROCK,Miami,GOOGLE
"33513, Florida, United States",ROCK,Miami,GOOGLE
"32780, Florida, United States",ROCK,Miami,GOOGLE
"33901, Florida, United States",ROCK,Miami,GOOGLE
"32713, Florida, United States",ROCK,Miami,GOOGLE
"34949, Florida, United States",ROCK,Miami,GOOGLE
"34448, Florida, United States",ROCK,Miami,GOOGLE
"33189, Florida, United States",ROCK,Miami,GOOGLE
"33172, Florida, United States",ROCK,Miami,GOOGLE
"33161, Florida, United States",ROCK,Miami,GOOGLE
"33605, Florida, United States",ROCK,Miami,GOOGLE
"34741, Florida, United States",ROCK,Miami,GOOGLE
"33755, Florida, United States",ROCK,Miami,GOOGLE
"33305, Florida, United States",ROCK,Miami,GOOGLE
"33612, Florida, United States",ROCK,Miami,GOOGLE
"34677, Florida, United States",ROCK,Miami,GOOGLE
"34698, Florida, United States",ROCK,Miami,GOOGLE
"32808, Florida, United States",ROCK,Miami,GOOGLE
"33437, Florida, United States",ROCK,Miami,GOOGLE
"34762, Florida, United States",ROCK,Miami,GOOGLE
"32801, Florida, United States",ROCK,Miami,GOOGLE
"33484, Florida, United States",ROCK,Miami,GOOGLE
"34613, Florida, United States",ROCK,Miami,GOOGLE
"33323, Florida, United States",ROCK,Miami,GOOGLE
"33830, Florida, United States",ROCK,Miami,GOOGLE
"32904, Florida, United States",ROCK,Miami,GOOGLE
"33771, Florida, United States",ROCK,Miami,GOOGLE
"33919, Florida, United States",ROCK,Miami,GOOGLE
"34211, Florida, United States",ROCK,Miami,GOOGLE
"33716, Florida, United States",ROCK,Miami,GOOGLE
"33139, Florida, United States",ROCK,Miami,GOOGLE
"33136, Florida, United States",ROCK,Miami,GOOGLE
"33973, Florida, United States",ROCK,Miami,GOOGLE
"33308, Florida, United States",ROCK,Miami,GOOGLE
"33544, Florida, United States",ROCK,Miami,GOOGLE
"33881, Florida, United States",ROCK,Miami,GOOGLE
"34292, Florida, United States",ROCK,Miami,GOOGLE
"33616, Florida, United States",ROCK,Miami,GOOGLE
"33624, Florida, United States",ROCK,Miami,GOOGLE
"32141, Florida, United States",ROCK,Miami,GOOGLE
"32839, Florida, United States",ROCK,Miami,GOOGLE
"33957, Florida, United States",ROCK,Miami,GOOGLE
"34442, Florida, United States",ROCK,Miami,GOOGLE
"33032, Florida, United States",ROCK,Miami,GOOGLE
"33541, Florida, United States",ROCK,Miami,GOOGLE
"33449, Florida, United States",ROCK,Miami,GOOGLE
"32948, Florida, United States",ROCK,Miami,GOOGLE
"33185, Florida, United States",ROCK,Miami,GOOGLE
"32908, Florida, United States",ROCK,Miami,GOOGLE
"33067, Florida, United States",ROCK,Miami,GOOGLE
"32163, Florida, United States",ROCK,Miami,GOOGLE
"33801, Florida, United States",ROCK,Miami,GOOGLE
"33150, Florida, United States",ROCK,Miami,GOOGLE
"33759, Florida, United States",ROCK,Miami,GOOGLE
"34293, Florida, United States",ROCK,Miami,GOOGLE
"32835, Florida, United States",ROCK,Miami,GOOGLE
"34609, Florida, United States",ROCK,Miami,GOOGLE
"33442, Florida, United States",ROCK,Miami,GOOGLE
"34242, Florida, United States",ROCK,Miami,GOOGLE
"32159, Florida, United States",ROCK,Miami,GOOGLE
"33417, Florida, United States",ROCK,Miami,GOOGLE
"33184, Florida, United States",ROCK,Miami,GOOGLE
"32132, Florida, United States",ROCK,Miami,GOOGLE
"32771, Florida, United States",ROCK,Miami,GOOGLE
"33321, Florida, United States",ROCK,Miami,GOOGLE
"34711, Florida, United States",ROCK,Miami,GOOGLE
"33054, Florida, United States",ROCK,Miami,GOOGLE
"33413, Florida, United States",ROCK,Miami,GOOGLE
"32763, Florida, United States",ROCK,Miami,GOOGLE
"34233, Florida, United States",ROCK,Miami,GOOGLE
"33130, Florida, United States",ROCK,Miami,GOOGLE
"33496, Florida, United States",ROCK,Miami,GOOGLE
"33414, Florida, United States",ROCK,Miami,GOOGLE
"32832, Florida, United States",ROCK,Miami,GOOGLE
"34668, Florida, United States",ROCK,Miami,GOOGLE
"33472, Florida, United States",ROCK,Miami,GOOGLE
"34695, Florida, United States",ROCK,Miami,GOOGLE
"33411, Florida, United States",ROCK,Miami,GOOGLE
"33812, Florida, United States",ROCK,Miami,GOOGLE
"34737, Florida, United States",ROCK,Miami,GOOGLE
"33126, Florida, United States",ROCK,Miami,GOOGLE
"33076, Florida, United States",ROCK,Miami,GOOGLE
"32113, Florida, United States",ROCK,Miami,GOOGLE
"32824, Florida, United States",ROCK,Miami,GOOGLE
"34714, Florida, United States",ROCK,Miami,GOOGLE
"34761, Florida, United States",ROCK,Miami,GOOGLE
"33064, Florida, United States",ROCK,Miami,GOOGLE
"33597, Florida, United States",ROCK,Miami,GOOGLE
"33706, Florida, United States",ROCK,Miami,GOOGLE
"33330, Florida, United States",ROCK,Miami,GOOGLE
"33756, Florida, United States",ROCK,Miami,GOOGLE
"33619, Florida, United States",ROCK,Miami,GOOGLE
"33033, Florida, United States",ROCK,Miami,GOOGLE
"33809, Florida, United States",ROCK,Miami,GOOGLE
"32931, Florida, United States",ROCK,Miami,GOOGLE
"32935, Florida, United States",ROCK,Miami,GOOGLE
"33408, Florida, United States",ROCK,Miami,GOOGLE
"33477, Florida, United States",ROCK,Miami,GOOGLE
"34205, Florida, United States",ROCK,Miami,GOOGLE
"33306, Florida, United States",ROCK,Miami,GOOGLE
"34208, Florida, United States",ROCK,Miami,GOOGLE
"33125, Florida, United States",ROCK,Miami,GOOGLE
"33603, Florida, United States",ROCK,Miami,GOOGLE
"32958, Florida, United States",ROCK,Miami,GOOGLE
"34117, Florida, United States",ROCK,Miami,GOOGLE
"32751, Florida, United States",ROCK,Miami,GOOGLE
"33849, Florida, United States",ROCK,Miami,GOOGLE
"34251, Florida, United States",ROCK,Miami,GOOGLE
"33461, Florida, United States",ROCK,Miami,GOOGLE
"34224, Florida, United States",ROCK,Miami,GOOGLE
"33470, Florida, United States",ROCK,Miami,GOOGLE
"32829, Florida, United States",ROCK,Miami,GOOGLE
"32134, Florida, United States",ROCK,Miami,GOOGLE
"33609, Florida, United States",ROCK,Miami,GOOGLE
"34476, Florida, United States",ROCK,Miami,GOOGLE
"32836, Florida, United States",ROCK,Miami,GOOGLE
"33487, Florida, United States",ROCK,Miami,GOOGLE
"33182, Florida, United States",ROCK,Miami,GOOGLE
"34956, Florida, United States",ROCK,Miami,GOOGLE
"32825, Florida, United States",ROCK,Miami,GOOGLE
"33545, Florida, United States",ROCK,Miami,GOOGLE
"33781, Florida, United States",ROCK,Miami,GOOGLE
"33158, Florida, United States",ROCK,Miami,GOOGLE
"33175, Florida, United States",ROCK,Miami,GOOGLE
"34453, Florida, United States",ROCK,Miami,GOOGLE
"33027, Florida, United States",ROCK,Miami,GOOGLE
"33908, Florida, United States",ROCK,Miami,GOOGLE
"32744, Florida, United States",ROCK,Miami,GOOGLE
"34288, Florida, United States",ROCK,Miami,GOOGLE
"32168, Florida, United States",ROCK,Miami,GOOGLE
"33028, Florida, United States",ROCK,Miami,GOOGLE
"33714, Florida, United States",ROCK,Miami,GOOGLE
"33594, Florida, United States",ROCK,Miami,GOOGLE
"33023, Florida, United States",ROCK,Miami,GOOGLE
"33426, Florida, United States",ROCK,Miami,GOOGLE
"34788, Florida, United States",ROCK,Miami,GOOGLE
"34241, Florida, United States",ROCK,Miami,GOOGLE
"33431, Florida, United States",ROCK,Miami,GOOGLE
"34785, Florida, United States",ROCK,Miami,GOOGLE
"34237, Florida, United States",ROCK,Miami,GOOGLE
"34219, Florida, United States",ROCK,Miami,GOOGLE
"33596, Florida, United States",ROCK,Miami,GOOGLE
"33909, Florida, United States",ROCK,Miami,GOOGLE
"33956, Florida, United States",ROCK,Miami,GOOGLE
"33436, Florida, United States",ROCK,Miami,GOOGLE
"34488, Florida, United States",ROCK,Miami,GOOGLE
"34690, Florida, United States",ROCK,Miami,GOOGLE
"33446, Florida, United States",ROCK,Miami,GOOGLE
"33850, Florida, United States",ROCK,Miami,GOOGLE
"33598, Florida, United States",ROCK,Miami,GOOGLE
"34243, Florida, United States",ROCK,Miami,GOOGLE
"33428, Florida, United States",ROCK,Miami,GOOGLE
"33606, Florida, United States",ROCK,Miami,GOOGLE
"33924, Florida, United States",ROCK,Miami,GOOGLE
"33445, Florida, United States",ROCK,Miami,GOOGLE
"34787, Florida, United States",ROCK,Miami,GOOGLE
"34983, Florida, United States",ROCK,Miami,GOOGLE
"33905, Florida, United States",ROCK,Miami,GOOGLE
"34990, Florida, United States",ROCK,Miami,GOOGLE
"33711, Florida, United States",ROCK,Miami,GOOGLE
"34957, Florida, United States",ROCK,Miami,GOOGLE
"33133, Florida, United States",ROCK,Miami,GOOGLE
"33936, Florida, United States",ROCK,Miami,GOOGLE
"33181, Florida, United States",ROCK,Miami,GOOGLE
"32766, Florida, United States",ROCK,Miami,GOOGLE
"33498, Florida, United States",ROCK,Miami,GOOGLE
"33066, Florida, United States",ROCK,Miami,GOOGLE
"34110, Florida, United States",ROCK,Miami,GOOGLE
"32703, Florida, United States",ROCK,Miami,GOOGLE
"33839, Florida, United States",ROCK,Miami,GOOGLE
"33415, Florida, United States",ROCK,Miami,GOOGLE
"34112, Florida, United States",ROCK,Miami,GOOGLE
"33031, Florida, United States",ROCK,Miami,GOOGLE
"32736, Florida, United States",ROCK,Miami,GOOGLE
"33971, Florida, United States",ROCK,Miami,GOOGLE
"33931, Florida, United States",ROCK,Miami,GOOGLE
"33004, Florida, United States",ROCK,Miami,GOOGLE
"33715, Florida, United States",ROCK,Miami,GOOGLE
"33930, Florida, United States",ROCK,Miami,GOOGLE
"33035, Florida, United States",ROCK,Miami,GOOGLE
"32102, Florida, United States",ROCK,Miami,GOOGLE
"33068, Florida, United States",ROCK,Miami,GOOGLE
"34756, Florida, United States",ROCK,Miami,GOOGLE
"34109, Florida, United States",ROCK,Miami,GOOGLE
"33604, Florida, United States",ROCK,Miami,GOOGLE
"33024, Florida, United States",ROCK,Miami,GOOGLE
"33770, Florida, United States",ROCK,Miami,GOOGLE
"32702, Florida, United States",ROCK,Miami,GOOGLE
"34420, Florida, United States",ROCK,Miami,GOOGLE
"34769, Florida, United States",ROCK,Miami,GOOGLE
"33510, Florida, United States",ROCK,Miami,GOOGLE
"34747, Florida, United States",ROCK,Miami,GOOGLE
"33811, Florida, United States",ROCK,Miami,GOOGLE
"34217, Florida, United States",ROCK,Miami,GOOGLE
"33709, Florida, United States",ROCK,Miami,GOOGLE
"32955, Florida, United States",ROCK,Miami,GOOGLE
"34705, Florida, United States",ROCK,Miami,GOOGLE
"32962, Florida, United States",ROCK,Miami,GOOGLE
"32720, Florida, United States",ROCK,Miami,GOOGLE
"32754, Florida, United States",ROCK,Miami,GOOGLE
"33460, Florida, United States",ROCK,Miami,GOOGLE
"33025, Florida, United States",ROCK,Miami,GOOGLE
"32809, Florida, United States",ROCK,Miami,GOOGLE
"33478, Florida, United States",ROCK,Miami,GOOGLE
"33176, Florida, United States",ROCK,Miami,GOOGLE
"33186, Florida, United States",ROCK,Miami,GOOGLE
"34238, Florida, United States",ROCK,Miami,GOOGLE
"34446, Florida, United States",ROCK,Miami,GOOGLE
"34691, Florida, United States",ROCK,Miami,GOOGLE
"33563, Florida, United States",ROCK,Miami,GOOGLE
"32967, Florida, United States",ROCK,Miami,GOOGLE
"33540, Florida, United States",ROCK,Miami,GOOGLE
"33328, Florida, United States",ROCK,Miami,GOOGLE
"34604, Florida, United States",ROCK,Miami,GOOGLE
"33177, Florida, United States",ROCK,Miami,GOOGLE
"34232, Florida, United States",ROCK,Miami,GOOGLE
"33585, Florida, United States",ROCK,Miami,GOOGLE
"32767, Florida, United States",ROCK,Miami,GOOGLE
"33322, Florida, United States",ROCK,Miami,GOOGLE
"32952, Florida, United States",ROCK,Miami,GOOGLE
"33542, Florida, United States",ROCK,Miami,GOOGLE
"32732, Florida, United States",ROCK,Miami,GOOGLE
"32779, Florida, United States",ROCK,Miami,GOOGLE
"33912, Florida, United States",ROCK,Miami,GOOGLE
"32837, Florida, United States",ROCK,Miami,GOOGLE
"34683, Florida, United States",ROCK,Miami,GOOGLE
"32826, Florida, United States",ROCK,Miami,GOOGLE
"33134, Florida, United States",ROCK,Miami,GOOGLE
"33013, Florida, United States",ROCK,Miami,GOOGLE
"34786, Florida, United States",ROCK,Miami,GOOGLE
"33765, Florida, United States",ROCK,Miami,GOOGLE
"33409, Florida, United States",ROCK,Miami,GOOGLE
"33314, Florida, United States",ROCK,Miami,GOOGLE
"34951, Florida, United States",ROCK,Miami,GOOGLE
"33966, Florida, United States",ROCK,Miami,GOOGLE
"33473, Florida, United States",ROCK,Miami,GOOGLE
"32833, Florida, United States",ROCK,Miami,GOOGLE
"34228, Florida, United States",ROCK,Miami,GOOGLE
"33162, Florida, United States",ROCK,Miami,GOOGLE
"34606, Florida, United States",ROCK,Miami,GOOGLE
"33435, Florida, United States",ROCK,Miami,GOOGLE
"33946, Florida, United States",ROCK,Miami,GOOGLE
"34269, Florida, United States",ROCK,Miami,GOOGLE
"33559, Florida, United States",ROCK,Miami,GOOGLE
"34685, Florida, United States",ROCK,Miami,GOOGLE
"34236, Florida, United States",ROCK,Miami,GOOGLE
"34688, Florida, United States",ROCK,Miami,GOOGLE
"32757, Florida, United States",ROCK,Miami,GOOGLE
"33763, Florida, United States",ROCK,Miami,GOOGLE
"33156, Florida, United States",ROCK,Miami,GOOGLE
"32725, Florida, United States",ROCK,Miami,GOOGLE
"33441, Florida, United States",ROCK,Miami,GOOGLE
"33981, Florida, United States",ROCK,Miami,GOOGLE
"33180, Florida, United States",ROCK,Miami,GOOGLE
"34286, Florida, United States",ROCK,Miami,GOOGLE
"34655, Florida, United States",ROCK,Miami,GOOGLE
"34287, Florida, United States",ROCK,Miami,GOOGLE
"33463, Florida, United States",ROCK,Miami,GOOGLE
"34981, Florida, United States",ROCK,Miami,GOOGLE
"34134, Florida, United States",ROCK,Miami,GOOGLE
"33313, Florida, United States",ROCK,Miami,GOOGLE
"33432, Florida, United States",ROCK,Miami,GOOGLE
"33312, Florida, United States",ROCK,Miami,GOOGLE
"32805, Florida, United States",ROCK,Miami,GOOGLE
"33713, Florida, United States",ROCK,Miami,GOOGLE
"32821, Florida, United States",ROCK,Miami,GOOGLE
"34480, Florida, United States",ROCK,Miami,GOOGLE
"33190, Florida, United States",ROCK,Miami,GOOGLE
"33462, Florida, United States",ROCK,Miami,GOOGLE
"33131, Florida, United States",ROCK,Miami,GOOGLE
"33983, Florida, United States",ROCK,Miami,GOOGLE
"33026, Florida, United States",ROCK,Miami,GOOGLE
"34201, Florida, United States",ROCK,Miami,GOOGLE
"33702, Florida, United States",ROCK,Miami,GOOGLE
"34202, Florida, United States",ROCK,Miami,GOOGLE
"33611, Florida, United States",ROCK,Miami,GOOGLE
"34986, Florida, United States",ROCK,Miami,GOOGLE
"33132, Florida, United States",ROCK,Miami,GOOGLE
"33610, Florida, United States",ROCK,Miami,GOOGLE
"33615, Florida, United States",ROCK,Miami,GOOGLE
"33621, Florida, United States",ROCK,Miami,GOOGLE
"33534, Florida, United States",ROCK,Miami,GOOGLE
"33990, Florida, United States",ROCK,Miami,GOOGLE
"32812, Florida, United States",ROCK,Miami,GOOGLE
"32937, Florida, United States",ROCK,Miami,GOOGLE
"34231, Florida, United States",ROCK,Miami,GOOGLE
"32818, Florida, United States",ROCK,Miami,GOOGLE
"33617, Florida, United States",ROCK,Miami,GOOGLE
"33527, Florida, United States",ROCK,Miami,GOOGLE
"33155, Florida, United States",ROCK,Miami,GOOGLE
"32765, Florida, United States",ROCK,Miami,GOOGLE
"33166, Florida, United States",ROCK,Miami,GOOGLE
"34771, Florida, United States",ROCK,Miami,GOOGLE
"33069, Florida, United States",ROCK,Miami,GOOGLE
"33301, Florida, United States",ROCK,Miami,GOOGLE
"33315, Florida, United States",ROCK,Miami,GOOGLE
"32738, Florida, United States",ROCK,Miami,GOOGLE
"32750, Florida, United States",ROCK,Miami,GOOGLE
"33953, Florida, United States",ROCK,Miami,GOOGLE
"33146, Florida, United States",ROCK,Miami,GOOGLE
"32796, Florida, United States",ROCK,Miami,GOOGLE
"33710, Florida, United States",ROCK,Miami,GOOGLE
"33138, Florida, United States",ROCK,Miami,GOOGLE
"33316, Florida, United States",ROCK,Miami,GOOGLE
"33324, Florida, United States",ROCK,Miami,GOOGLE
"33543, Florida, United States",ROCK,Miami,GOOGLE
"34984, Florida, United States",ROCK,Miami,GOOGLE
"34997, Florida, United States",ROCK,Miami,GOOGLE
"32179, Florida, United States",ROCK,Miami,GOOGLE
"34743, Florida, United States",ROCK,Miami,GOOGLE
"33928, Florida, United States",ROCK,Miami,GOOGLE
"33815, Florida, United States",ROCK,Miami,GOOGLE
"34135, Florida, United States",ROCK,Miami,GOOGLE
"33556, Florida, United States",ROCK,Miami,GOOGLE
"34614, Florida, United States",ROCK,Miami,GOOGLE
"33620, Florida, United States",ROCK,Miami,GOOGLE
"33012, Florida, United States",ROCK,Miami,GOOGLE
"34953, Florida, United States",ROCK,Miami,GOOGLE
"33170, Florida, United States",ROCK,Miami,GOOGLE
"33193, Florida, United States",ROCK,Miami,GOOGLE
"33183, Florida, United States",ROCK,Miami,GOOGLE
"32949, Florida, United States",ROCK,Miami,GOOGLE
"32950, Florida, United States",ROCK,Miami,GOOGLE
"32764, Florida, United States",ROCK,Miami,GOOGLE
"33404, Florida, United States",ROCK,Miami,GOOGLE
"33169, Florida, United States",ROCK,Miami,GOOGLE
"33904, Florida, United States",ROCK,Miami,GOOGLE
"34639, Florida, United States",ROCK,Miami,GOOGLE
"33764, Florida, United States",ROCK,Miami,GOOGLE
"32798, Florida, United States",ROCK,Miami,GOOGLE
"34108, Florida, United States",ROCK,Miami,GOOGLE
"33030, Florida, United States",ROCK,Miami,GOOGLE
"33558, Florida, United States",ROCK,Miami,GOOGLE
"34601, Florida, United States",ROCK,Miami,GOOGLE
"34669, Florida, United States",ROCK,Miami,GOOGLE
"33708, Florida, United States",ROCK,Miami,GOOGLE
"32130, Florida, United States",ROCK,Miami,GOOGLE
"32807, Florida, United States",ROCK,Miami,GOOGLE
"32810, Florida, United States",ROCK,Miami,GOOGLE
"33319, Florida, United States",ROCK,Miami,GOOGLE
"34250, Florida, United States",ROCK,Miami,GOOGLE
"34994, Florida, United States",ROCK,Miami,GOOGLE
"33884, Florida, United States",ROCK,Miami,GOOGLE
"32735, Florida, United States",ROCK,Miami,GOOGLE
"33317, Florida, United States",ROCK,Miami,GOOGLE
"33974, Florida, United States",ROCK,Miami,GOOGLE
"32759, Florida, United States",ROCK,Miami,GOOGLE
"33618, Florida, United States",ROCK,Miami,GOOGLE
"32708, Florida, United States",ROCK,Miami,GOOGLE
"34212, Florida, United States",ROCK,Miami,GOOGLE
"33154, Florida, United States",ROCK,Miami,GOOGLE
"33907, Florida, United States",ROCK,Miami,GOOGLE
"34638, Florida, United States",ROCK,Miami,GOOGLE
"34275, Florida, United States",ROCK,Miami,GOOGLE
"33868, Florida, United States",ROCK,Miami,GOOGLE
"34102, Florida, United States",ROCK,Miami,GOOGLE
"32925, Florida, United States",ROCK,Miami,GOOGLE
"32709, Florida, United States",ROCK,Miami,GOOGLE
"32814, Florida, United States",ROCK,Miami,GOOGLE
"33573, Florida, United States",ROCK,Miami,GOOGLE
"33029, Florida, United States",ROCK,Miami,GOOGLE
"34103, Florida, United States",ROCK,Miami,GOOGLE
"32162, Florida, United States",ROCK,Miami,GOOGLE
"34731, Florida, United States",ROCK,Miami,GOOGLE
"33304, Florida, United States",ROCK,Miami,GOOGLE
"33823, Florida, United States",ROCK,Miami,GOOGLE
"34119, Florida, United States",ROCK,Miami,GOOGLE
"32714, Florida, United States",ROCK,Miami,GOOGLE
"33062, Florida, United States",ROCK,Miami,GOOGLE
"34654, Florida, United States",ROCK,Miami,GOOGLE
"34452, Florida, United States",ROCK,Miami,GOOGLE
"33073, Florida, United States",ROCK,Miami,GOOGLE
"34210, Florida, United States",ROCK,Miami,GOOGLE
"33483, Florida, United States",ROCK,Miami,GOOGLE
"34114, Florida, United States",ROCK,Miami,GOOGLE
"33511, Florida, United States",ROCK,Miami,GOOGLE
"33486, Florida, United States",ROCK,Miami,GOOGLE
"33897, Florida, United States",ROCK,Miami,GOOGLE
"33433, Florida, United States",ROCK,Miami,GOOGLE
"33173, Florida, United States",ROCK,Miami,GOOGLE
"33109, Florida, United States",ROCK,Miami,GOOGLE
"33712, Florida, United States",ROCK,Miami,GOOGLE
"33920, Florida, United States",ROCK,Miami,GOOGLE
"33776, Florida, United States",ROCK,Miami,GOOGLE
"32926, Florida, United States",ROCK,Miami,GOOGLE
"34291, Florida, United States",ROCK,Miami,GOOGLE
"33325, Florida, United States",ROCK,Miami,GOOGLE
"33980, Florida, United States",ROCK,Miami,GOOGLE
"34472, Florida, United States",ROCK,Miami,GOOGLE
"33859, Florida, United States",ROCK,Miami,GOOGLE
"34235, Florida, United States",ROCK,Miami,GOOGLE
"34602, Florida, United States",ROCK,Miami,GOOGLE
"33418, Florida, United States",ROCK,Miami,GOOGLE
"34652, Florida, United States",ROCK,Miami,GOOGLE
"34239, Florida, United States",ROCK,Miami,GOOGLE
"34610, Florida, United States",ROCK,Miami,GOOGLE
"34736, Florida, United States",ROCK,Miami,GOOGLE
"33917, Florida, United States",ROCK,Miami,GOOGLE
"33705, Florida, United States",ROCK,Miami,GOOGLE
"34203, Florida, United States",ROCK,Miami,GOOGLE
"32968, Florida, United States",ROCK,Miami,GOOGLE
"33584, Florida, United States",ROCK,Miami,GOOGLE
"32712, Florida, United States",ROCK,Miami,GOOGLE
"33838, Florida, United States",ROCK,Miami,GOOGLE
"33165, Florida, United States",ROCK,Miami,GOOGLE
"33954, Florida, United States",ROCK,Miami,GOOGLE
"33141, Florida, United States",ROCK,Miami,GOOGLE
"32963, Florida, United States",ROCK,Miami,GOOGLE
"33063, Florida, United States",ROCK,Miami,GOOGLE
"33157, Florida, United States",ROCK,Miami,GOOGLE
"33614, Florida, United States",ROCK,Miami,GOOGLE
"32806, Florida, United States",ROCK,Miami,GOOGLE
"34234, Florida, United States",ROCK,Miami,GOOGLE
"34748, Florida, United States",ROCK,Miami,GOOGLE
"34734, Florida, United States",ROCK,Miami,GOOGLE
"32827, Florida, United States",ROCK,Miami,GOOGLE
"32819, Florida, United States",ROCK,Miami,GOOGLE
"34491, Florida, United States",ROCK,Miami,GOOGLE
"34240, Florida, United States",ROCK,Miami,GOOGLE
"34145, Florida, United States",ROCK,Miami,GOOGLE
"34946, Florida, United States",ROCK,Miami,GOOGLE
"33774, Florida, United States",ROCK,Miami,GOOGLE
"33993, Florida, United States",ROCK,Miami,GOOGLE
"34479, Florida, United States",ROCK,Miami,GOOGLE
"33187, Florida, United States",ROCK,Miami,GOOGLE
"33777, Florida, United States",ROCK,Miami,GOOGLE
"33703, Florida, United States",ROCK,Miami,GOOGLE
"33707, Florida, United States",ROCK,Miami,GOOGLE
"33019, Florida, United States",ROCK,Miami,GOOGLE
"33626, Florida, United States",ROCK,Miami,GOOGLE
"33566, Florida, United States",ROCK,Miami,GOOGLE
"33021, Florida, United States",ROCK,Miami,GOOGLE
"33860, Florida, United States",ROCK,Miami,GOOGLE
"33613, Florida, United States",ROCK,Miami,GOOGLE
"33785, Florida, United States",ROCK,Miami,GOOGLE
"32778, Florida, United States",ROCK,Miami,GOOGLE
"32830, Florida, United States",ROCK,Miami,GOOGLE
"33137, Florida, United States",ROCK,Miami,GOOGLE
"34945, Florida, United States",ROCK,Miami,GOOGLE
"33947, Florida, United States",ROCK,Miami,GOOGLE
"33569, Florida, United States",ROCK,Miami,GOOGLE
"33579, Florida, United States",ROCK,Miami,GOOGLE
"33525, Florida, United States",ROCK,Miami,GOOGLE
"34450, Florida, United States",ROCK,Miami,GOOGLE
"33020, Florida, United States",ROCK,Miami,GOOGLE
"33948, Florida, United States",ROCK,Miami,GOOGLE
"33145, Florida, United States",ROCK,Miami,GOOGLE
"34982, Florida, United States",ROCK,Miami,GOOGLE
"33803, Florida, United States",ROCK,Miami,GOOGLE
"33565, Florida, United States",ROCK,Miami,GOOGLE
"34667, Florida, United States",ROCK,Miami,GOOGLE
"32789, Florida, United States",ROCK,Miami,GOOGLE
"33196, Florida, United States",ROCK,Miami,GOOGLE
"33767, Florida, United States",ROCK,Miami,GOOGLE
"34113, Florida, United States",ROCK,Miami,GOOGLE
"33602, Florida, United States",ROCK,Miami,GOOGLE
"33018, Florida, United States",ROCK,Miami,GOOGLE
"33480, Florida, United States",ROCK,Miami,GOOGLE
"33167, Florida, United States",ROCK,Miami,GOOGLE
"34470, Florida, United States",ROCK,Miami,GOOGLE
"34222, Florida, United States",ROCK,Miami,GOOGLE
"33786, Florida, United States",ROCK,Miami,GOOGLE
"33174, Florida, United States",ROCK,Miami,GOOGLE
"33913, Florida, United States",ROCK,Miami,GOOGLE
"33406, Florida, United States",ROCK,Miami,GOOGLE
"33179, Florida, United States",ROCK,Miami,GOOGLE
"34947, Florida, United States",ROCK,Miami,GOOGLE
"34773, Florida, United States",ROCK,Miami,GOOGLE
"32726, Florida, United States",ROCK,Miami,GOOGLE
"33844, Florida, United States",ROCK,Miami,GOOGLE
"33060, Florida, United States",ROCK,Miami,GOOGLE
"33880, Florida, United States",ROCK,Miami,GOOGLE
"33127, Florida, United States",ROCK,Miami,GOOGLE
"33635, Florida, United States",ROCK,Miami,GOOGLE
"33982, Florida, United States",ROCK,Miami,GOOGLE
"33841, Florida, United States",ROCK,Miami,GOOGLE
"34116, Florida, United States",ROCK,Miami,GOOGLE
"33762, Florida, United States",ROCK,Miami,GOOGLE
"33009, Florida, United States",ROCK,Miami,GOOGLE
"32909, Florida, United States",ROCK,Miami,GOOGLE
"34461, Florida, United States",ROCK,Miami,GOOGLE
"34758, Florida, United States",ROCK,Miami,GOOGLE
"33548, Florida, United States",ROCK,Miami,GOOGLE
"34209, Florida, United States",ROCK,Miami,GOOGLE
"33810, Florida, United States",ROCK,Miami,GOOGLE
"33761, Florida, United States",ROCK,Miami,GOOGLE
"34105, Florida, United States",ROCK,Miami,GOOGLE
"32940, Florida, United States",ROCK,Miami,GOOGLE
"34772, Florida, United States",ROCK,Miami,GOOGLE
"33015, Florida, United States",ROCK,Miami,GOOGLE
"33405, Florida, United States",ROCK,Miami,GOOGLE
"33549, Florida, United States",ROCK,Miami,GOOGLE
"32804, Florida, United States",ROCK,Miami,GOOGLE
"32707, Florida, United States",ROCK,Miami,GOOGLE
"32617, Florida, United States",ROCK,Miami,GOOGLE
"33311, Florida, United States",ROCK,Miami,GOOGLE
"34987, Florida, United States",ROCK,Miami,GOOGLE
"33952, Florida, United States",ROCK,Miami,GOOGLE
"34653, Florida, United States",ROCK,Miami,GOOGLE
"33634, Florida, United States",ROCK,Miami,GOOGLE
"32792, Florida, United States",ROCK,Miami,GOOGLE
"34285, Florida, United States",ROCK,Miami,GOOGLE
"34223, Florida, United States",ROCK,Miami,GOOGLE
"33142, Florida, United States",ROCK,Miami,GOOGLE
"34797, Florida, United States",ROCK,Miami,GOOGLE
"33410, Florida, United States",ROCK,Miami,GOOGLE
"34950, Florida, United States",ROCK,Miami,GOOGLE
"33837, Florida, United States",ROCK,Miami,GOOGLE
"34715, Florida, United States",ROCK,Miami,GOOGLE
"32951, Florida, United States",ROCK,Miami,GOOGLE
"32724, Florida, United States",ROCK,Miami,GOOGLE
"32822, Florida, United States",ROCK,Miami,GOOGLE
"33403, Florida, United States",ROCK,Miami,GOOGLE
"33629, Florida, United States",ROCK,Miami,GOOGLE
"33010, Florida, United States",ROCK,Miami,GOOGLE
"32934, Florida, United States",ROCK,Miami,GOOGLE
"33896, Florida, United States",ROCK,Miami,GOOGLE
"33935, Florida, United States",ROCK,Miami,GOOGLE
"34746, Florida, United States",ROCK,Miami,GOOGLE
"33140, Florida, United States",ROCK,Miami,GOOGLE
"32966, Florida, United States",ROCK,Miami,GOOGLE
"32776, Florida, United States",ROCK,Miami,GOOGLE
"33965, Florida, United States",ROCK,Miami,GOOGLE
"32701, Florida, United States",ROCK,Miami,GOOGLE
"34484, Florida, United States",ROCK,Miami,GOOGLE
"33444, Florida, United States",ROCK,Miami,GOOGLE
"34216, Florida, United States",ROCK,Miami,GOOGLE
"33334, Florida, United States",ROCK,Miami,GOOGLE
"32907, Florida, United States",ROCK,Miami,GOOGLE
"33637, Florida, United States",ROCK,Miami,GOOGLE
"34952, Florida, United States",ROCK,Miami,GOOGLE
"32811, Florida, United States",ROCK,Miami,GOOGLE
"33914, Florida, United States",ROCK,Miami,GOOGLE
"33147, Florida, United States",ROCK,Miami,GOOGLE
"33178, Florida, United States",ROCK,Miami,GOOGLE
"33578, Florida, United States",ROCK,Miami,GOOGLE
"33991, Florida, United States",ROCK,Miami,GOOGLE
"34104, Florida, United States",ROCK,Miami,GOOGLE
"32803, Florida, United States",ROCK,Miami,GOOGLE
"33704, Florida, United States",ROCK,Miami,GOOGLE
"33122, Florida, United States",ROCK,Miami,GOOGLE
"33972, Florida, United States",ROCK,Miami,GOOGLE
"33016, Florida, United States",ROCK,Miami,GOOGLE
"33055, Florida, United States",ROCK,Miami,GOOGLE
"33467, Florida, United States",ROCK,Miami,GOOGLE
"33327, Florida, United States",ROCK,Miami,GOOGLE
"33160, Florida, United States",ROCK,Miami,GOOGLE
"33773, Florida, United States",ROCK,Miami,GOOGLE
"34607, Florida, United States",ROCK,Miami,GOOGLE
"32784, Florida, United States",ROCK,Miami,GOOGLE
"32828, Florida, United States",ROCK,Miami,GOOGLE
"33955, Florida, United States",ROCK,Miami,GOOGLE
"33523, Florida, United States",ROCK,Miami,GOOGLE
"34207, Florida, United States",ROCK,Miami,GOOGLE
"40.0|mi|Charlotte, NC",ROCK,Charlotte,GOOGLE
"20.0|mi|Gaffney, SC",ROCK,Charlotte,GOOGLE
"40.0|mi|Statesville, NC",ROCK,Charlotte,GOOGLE